OPERATION_DATE,ROUTE_ID,DIRECTION,TRIP_ID,VEHICLE_ID,SCHED_DEPTIME,ACT_ARRTIME,ACT_DEPTIME,STOP_ORDER_NBR,STOP_ID,STOP,BOARDINGS,ALIGHTINGS
2023-10-02,227,North,21684,22804.0,14:55:00,14:55:04,14:55:04,0,3184,Seaway Transit Center Bay 2,10.0,0.0
2023-10-02,227,North,21684,22804.0,15:23:00,15:24:44,15:25:05,2,905,I-5 & 4th St Flyer Stop,0.0,3.0
2023-10-02,227,North,21684,22804.0,,15:37:00,15:37:21,3,2460,Smokey Point Blvd & 174th Pl NE,0.0,2.0
2023-10-02,227,North,21684,22804.0,15:38:00,15:38:28,15:38:53,4,953,Smokey Point Blvd & 177th Pl NE,0.0,2.0
2023-10-02,227,North,21684,22804.0,,15:39:57,15:39:57,5,958,Smokey Point Blvd & 183rd Pl NE,0.0,0.0
2023-10-02,227,North,21684,22804.0,,15:40:18,15:40:18,6,2530,Smokey Point Blvd & 186th Pl NE,0.0,0.0
2023-10-02,227,North,21684,22804.0,15:49:00,15:48:54,15:49:27,7,1490,Arlington Park & Ride Bay 1,0.0,2.0
2023-10-02,227,North,21684,22804.0,15:50:00,15:50:22,15:50:22,8,1049,N West Ave & W 5th St,0.0,1.0
2023-10-02,227,North,21685,15106.0,15:55:00,15:55:01,15:55:01,0,3184,Seaway Transit Center Bay 2,3.0,0.0
2023-10-02,227,North,21685,15106.0,16:23:00,16:28:33,16:28:46,2,905,I-5 & 4th St Flyer Stop,1.0,0.0
2023-10-02,227,North,21685,15106.0,,16:39:13,16:39:27,3,2460,Smokey Point Blvd & 174th Pl NE,0.0,2.0
2023-10-02,227,North,21685,15106.0,16:38:00,16:39:58,16:39:58,4,953,Smokey Point Blvd & 177th Pl NE,0.0,0.0
2023-10-02,227,North,21685,15106.0,,16:40:43,16:40:43,5,958,Smokey Point Blvd & 183rd Pl NE,0.0,0.0
2023-10-02,227,North,21685,15106.0,,16:41:07,16:41:16,6,2530,Smokey Point Blvd & 186th Pl NE,0.0,2.0
2023-10-02,227,North,21685,15106.0,16:49:00,16:51:20,16:54:49,7,1490,Arlington Park & Ride Bay 1,0.0,0.0
2023-10-02,227,North,21685,15106.0,16:50:00,16:55:30,16:55:30,8,1049,N West Ave & W 5th St,0.0,0.0
2023-10-02,227,South,21686,11106.0,04:10:00,04:09:57,04:09:57,0,1490,Arlington Park & Ride Bay 1,0.0,0.0
2023-10-02,227,South,21686,11106.0,,04:10:30,04:10:30,1,1049,N West Ave & W 5th St,0.0,0.0
2023-10-02,227,South,21686,11106.0,,04:18:11,04:18:20,2,2482,Smokey Point Blvd & 186th Pl NE,1.0,0.0
2023-10-02,227,South,21686,11106.0,,04:18:49,04:18:49,3,1451,Smokey Point Blvd & 183rd Pl NE,0.0,0.0
2023-10-02,227,South,21686,11106.0,,04:19:03,04:19:03,4,2520,Smokey Point Blvd & 182nd St NE,0.0,0.0
2023-10-02,227,South,21686,11106.0,04:19:00,04:19:33,04:19:43,5,1453,Smokey Point Blvd & 177th Pl NE,2.0,0.0
2023-10-02,227,South,21686,11106.0,,04:20:11,04:20:42,6,1449,Smokey Point Transit Center Bay 3,3.0,0.0
2023-10-02,227,South,21686,11106.0,,04:21:19,04:21:19,7,1594,172nd St NE & Smokey Point Blvd,0.0,0.0
2023-10-02,227,South,21686,11106.0,,04:31:49,04:31:49,8,2490,10th St & Ash Ave,0.0,0.0
2023-10-02,227,South,21686,11106.0,04:32:00,04:32:26,04:32:56,9,2517,Marysville Ash Ave Park & Ride Bay 1,4.0,1.0
2023-10-02,227,South,21686,11106.0,,04:34:55,04:34:55,10,2465,4th St & Beach Ave,0.0,0.0
2023-10-02,227,South,21686,11106.0,,04:35:50,04:36:09,11,1397,I-5 & Marine Dr NE Flyer Stop,0.0,1.0
2023-10-02,227,South,21686,11106.0,04:55:00,04:52:57,04:52:57,13,3199,Seaway Transit Center,0.0,8.0
2023-10-02,227,South,21687,17124.0,04:55:00,04:55:18,04:55:18,0,1490,Arlington Park & Ride Bay 1,2.0,0.0
2023-10-02,227,South,21687,17124.0,,04:55:59,04:55:59,1,1049,N West Ave & W 5th St,0.0,0.0
2023-10-02,227,South,21687,17124.0,,05:04:45,05:04:45,2,2482,Smokey Point Blvd & 186th Pl NE,0.0,0.0
2023-10-02,227,South,21687,17124.0,,05:05:08,05:05:08,3,1451,Smokey Point Blvd & 183rd Pl NE,0.0,0.0
2023-10-02,227,South,21687,17124.0,,05:05:22,05:05:22,4,2520,Smokey Point Blvd & 182nd St NE,0.0,0.0
2023-10-02,227,South,21687,17124.0,05:04:00,05:05:55,05:06:24,5,1453,Smokey Point Blvd & 177th Pl NE,1.0,0.0
2023-10-02,227,South,21687,17124.0,,05:06:51,05:06:51,6,1449,Smokey Point Transit Center Bay 3,0.0,0.0
2023-10-02,227,South,21687,17124.0,,05:07:19,05:07:19,7,1594,172nd St NE & Smokey Point Blvd,0.0,0.0
2023-10-02,227,South,21687,17124.0,,05:20:50,05:20:50,8,2490,10th St & Ash Ave,0.0,0.0
2023-10-02,227,South,21687,17124.0,05:17:00,05:21:26,05:21:44,9,2517,Marysville Ash Ave Park & Ride Bay 1,1.0,0.0
2023-10-02,227,South,21687,17124.0,,05:23:37,05:23:37,10,2465,4th St & Beach Ave,0.0,0.0
2023-10-02,227,South,21687,17124.0,,05:24:21,05:24:21,11,1397,I-5 & Marine Dr NE Flyer Stop,0.0,0.0
2023-10-02,227,South,21687,17124.0,05:39:00,05:40:38,05:40:38,13,3199,Seaway Transit Center,0.0,4.0
2023-10-03,227,North,21684,17806.0,14:55:00,14:55:07,14:55:07,0,3184,Seaway Transit Center Bay 2,7.0,0.0
2023-10-03,227,North,21684,17806.0,15:23:00,15:18:54,15:19:12,2,905,I-5 & 4th St Flyer Stop,0.0,2.0
2023-10-03,227,North,21684,17806.0,,15:30:27,15:30:27,3,2460,Smokey Point Blvd & 174th Pl NE,0.0,0.0
2023-10-03,227,North,21684,17806.0,15:38:00,15:30:59,15:31:11,4,953,Smokey Point Blvd & 177th Pl NE,0.0,1.0
2023-10-03,227,North,21684,17806.0,,15:31:59,15:31:59,5,958,Smokey Point Blvd & 183rd Pl NE,0.0,0.0
2023-10-03,227,North,21684,17806.0,,15:32:24,15:32:36,6,2530,Smokey Point Blvd & 186th Pl NE,0.0,1.0
2023-10-03,227,North,21684,17806.0,15:49:00,15:42:34,15:42:51,7,1490,Arlington Park & Ride Bay 1,0.0,1.0
2023-10-03,227,North,21684,17806.0,15:50:00,15:44:14,15:44:14,8,1049,N West Ave & W 5th St,0.0,2.0
2023-10-03,227,North,21685,17113.0,15:55:00,15:55:05,15:55:05,0,3184,Seaway Transit Center Bay 2,0.0,0.0
2023-10-03,227,North,21685,17113.0,16:23:00,16:21:38,16:21:41,2,905,I-5 & 4th St Flyer Stop,0.0,0.0
2023-10-03,227,North,21685,17113.0,,16:32:15,16:32:15,3,2460,Smokey Point Blvd & 174th Pl NE,0.0,0.0
2023-10-03,227,North,21685,17113.0,16:38:00,16:32:40,16:32:40,4,953,Smokey Point Blvd & 177th Pl NE,0.0,0.0
2023-10-03,227,North,21685,17113.0,,16:33:18,16:33:18,5,958,Smokey Point Blvd & 183rd Pl NE,0.0,0.0
2023-10-03,227,North,21685,17113.0,,16:33:40,16:33:40,6,2530,Smokey Point Blvd & 186th Pl NE,0.0,0.0
2023-10-03,227,North,21685,17113.0,16:49:00,16:42:10,16:42:10,7,1490,Arlington Park & Ride Bay 1,0.0,0.0
2023-10-03,227,North,21685,17113.0,16:50:00,16:42:39,16:42:39,8,1049,N West Ave & W 5th St,0.0,0.0
2023-10-03,227,South,21686,17114.0,04:10:00,04:10:38,04:10:38,0,1490,Arlington Park & Ride Bay 1,0.0,0.0
2023-10-03,227,South,21686,17114.0,,04:11:27,04:11:27,1,1049,N West Ave & W 5th St,0.0,0.0
2023-10-03,227,South,21686,17114.0,,04:20:18,04:20:34,2,2482,Smokey Point Blvd & 186th Pl NE,1.0,0.0
2023-10-03,227,South,21686,17114.0,,04:21:15,04:21:15,3,1451,Smokey Point Blvd & 183rd Pl NE,0.0,0.0
2023-10-03,227,South,21686,17114.0,,04:21:37,04:21:37,4,2520,Smokey Point Blvd & 182nd St NE,0.0,0.0
2023-10-03,227,South,21686,17114.0,04:19:00,04:22:12,04:22:37,5,1453,Smokey Point Blvd & 177th Pl NE,3.0,0.0
2023-10-03,227,South,21686,17114.0,,04:23:11,04:23:44,6,1449,Smokey Point Transit Center Bay 3,2.0,0.0
2023-10-03,227,South,21686,17114.0,,04:24:32,04:24:32,7,1594,172nd St NE & Smokey Point Blvd,0.0,0.0
2023-10-03,227,South,21686,17114.0,,04:36:01,04:36:01,8,2490,10th St & Ash Ave,0.0,0.0
2023-10-03,227,South,21686,17114.0,04:32:00,04:36:43,04:37:13,9,2517,Marysville Ash Ave Park & Ride Bay 1,3.0,1.0
2023-10-03,227,South,21686,17114.0,,04:38:55,04:39:07,10,2465,4th St & Beach Ave,0.0,1.0
2023-10-03,227,South,21686,17114.0,,04:40:56,04:41:07,11,1397,I-5 & Marine Dr NE Flyer Stop,0.0,1.0
2023-10-03,227,South,21686,17114.0,04:55:00,04:57:45,04:57:45,13,3199,Seaway Transit Center,0.0,6.0
2023-10-03,227,South,21687,19123.0,04:55:00,04:54:51,04:54:51,0,1490,Arlington Park & Ride Bay 1,1.0,0.0
2023-10-03,227,South,21687,19123.0,,04:55:34,04:55:48,1,1049,N West Ave & W 5th St,1.0,0.0
2023-10-03,227,South,21687,19123.0,,05:04:27,05:04:27,2,2482,Smokey Point Blvd & 186th Pl NE,0.0,0.0
2023-10-03,227,South,21687,19123.0,,05:04:57,05:04:57,3,1451,Smokey Point Blvd & 183rd Pl NE,0.0,0.0
2023-10-03,227,South,21687,19123.0,,05:05:11,05:05:11,4,2520,Smokey Point Blvd & 182nd St NE,0.0,0.0
2023-10-03,227,South,21687,19123.0,05:04:00,05:05:46,05:06:01,5,1453,Smokey Point Blvd & 177th Pl NE,1.0,0.0
2023-10-03,227,South,21687,19123.0,,05:06:30,05:06:30,6,1449,Smokey Point Transit Center Bay 3,0.0,0.0
2023-10-03,227,South,21687,19123.0,,05:07:13,05:07:13,7,1594,172nd St NE & Smokey Point Blvd,0.0,0.0
2023-10-03,227,South,21687,19123.0,,05:19:28,05:19:28,8,2490,10th St & Ash Ave,0.0,0.0
2023-10-03,227,South,21687,19123.0,05:17:00,05:20:10,05:20:25,9,2517,Marysville Ash Ave Park & Ride Bay 1,1.0,0.0
2023-10-03,227,South,21687,19123.0,,05:22:49,05:22:49,10,2465,4th St & Beach Ave,0.0,0.0
2023-10-03,227,South,21687,19123.0,,05:23:31,05:23:31,11,1397,I-5 & Marine Dr NE Flyer Stop,0.0,0.0
2023-10-03,227,South,21687,19123.0,05:39:00,05:39:20,05:39:20,13,3199,Seaway Transit Center,0.0,4.0
2023-10-04,227,North,21684,19804.0,14:55:00,14:55:14,14:55:14,0,3184,Seaway Transit Center Bay 2,9.0,0.0
2023-10-04,227,North,21684,19804.0,15:23:00,15:22:21,15:22:39,2,905,I-5 & 4th St Flyer Stop,0.0,3.0
2023-10-04,227,North,21684,19804.0,,15:33:55,15:33:55,3,2460,Smokey Point Blvd & 174th Pl NE,0.0,0.0
2023-10-04,227,North,21684,19804.0,15:38:00,15:34:25,15:35:06,4,953,Smokey Point Blvd & 177th Pl NE,0.0,4.0
2023-10-04,227,North,21684,19804.0,,15:35:54,15:35:54,5,958,Smokey Point Blvd & 183rd Pl NE,0.0,0.0
2023-10-04,227,North,21684,19804.0,,15:36:20,15:36:30,6,2530,Smokey Point Blvd & 186th Pl NE,0.0,1.0
2023-10-04,227,North,21684,19804.0,15:49:00,15:46:52,15:47:54,7,1490,Arlington Park & Ride Bay 1,0.0,1.0
2023-10-04,227,North,21684,19804.0,15:50:00,15:49:23,15:49:23,8,1049,N West Ave & W 5th St,0.0,0.0
2023-10-04,227,North,21685,19115.0,15:55:00,15:55:22,15:55:22,0,3184,Seaway Transit Center Bay 2,2.0,0.0
2023-10-04,227,North,21685,19115.0,16:23:00,16:21:08,16:21:26,2,905,I-5 & 4th St Flyer Stop,0.0,2.0
2023-10-04,227,North,21685,19115.0,,16:32:23,16:32:23,3,2460,Smokey Point Blvd & 174th Pl NE,0.0,0.0
2023-10-04,227,North,21685,19115.0,16:38:00,16:32:55,16:32:55,4,953,Smokey Point Blvd & 177th Pl NE,0.0,0.0
2023-10-04,227,North,21685,19115.0,,16:33:35,16:33:35,5,958,Smokey Point Blvd & 183rd Pl NE,0.0,0.0
2023-10-04,227,North,21685,19115.0,,16:33:57,16:33:57,6,2530,Smokey Point Blvd & 186th Pl NE,0.0,0.0
2023-10-04,227,North,21685,19115.0,16:49:00,16:43:10,16:44:14,7,1490,Arlington Park & Ride Bay 1,0.0,0.0
2023-10-04,227,North,21685,19115.0,16:50:00,16:45:21,16:45:21,8,1049,N West Ave & W 5th St,0.0,0.0
2023-10-04,227,South,21686,15108.0,04:10:00,04:10:04,04:10:04,0,1490,Arlington Park & Ride Bay 1,0.0,0.0
2023-10-04,227,South,21686,15108.0,,04:10:35,04:10:35,1,1049,N West Ave & W 5th St,0.0,0.0
2023-10-04,227,South,21686,15108.0,,04:18:28,04:18:40,2,2482,Smokey Point Blvd & 186th Pl NE,1.0,0.0
2023-10-04,227,South,21686,15108.0,,04:19:09,04:19:09,3,1451,Smokey Point Blvd & 183rd Pl NE,0.0,0.0
2023-10-04,227,South,21686,15108.0,,04:19:24,04:19:24,4,2520,Smokey Point Blvd & 182nd St NE,0.0,0.0
2023-10-04,227,South,21686,15108.0,04:19:00,04:19:54,04:20:08,5,1453,Smokey Point Blvd & 177th Pl NE,1.0,0.0
2023-10-04,227,South,21686,15108.0,,04:20:37,04:21:00,6,1449,Smokey Point Transit Center Bay 3,1.0,0.0
2023-10-04,227,South,21686,15108.0,,04:21:30,04:21:30,7,1594,172nd St NE & Smokey Point Blvd,0.0,0.0
2023-10-04,227,South,21686,15108.0,,04:33:24,04:33:24,8,2490,10th St & Ash Ave,0.0,0.0
2023-10-04,227,South,21686,15108.0,04:32:00,04:34:00,04:34:36,9,2517,Marysville Ash Ave Park & Ride Bay 1,5.0,0.0
2023-10-04,227,South,21686,15108.0,,04:35:53,04:35:53,10,2465,4th St & Beach Ave,0.0,0.0
2023-10-04,227,South,21686,15108.0,,04:37:07,04:37:07,11,1397,I-5 & Marine Dr NE Flyer Stop,0.0,0.0
2023-10-04,227,South,21686,15108.0,04:55:00,04:55:04,04:55:04,13,3199,Seaway Transit Center,0.0,8.0
2023-10-04,227,South,21687,17117.0,04:55:00,04:55:03,04:55:03,0,1490,Arlington Park & Ride Bay 1,2.0,0.0
2023-10-04,227,South,21687,17117.0,,04:55:45,04:55:45,1,1049,N West Ave & W 5th St,0.0,0.0
2023-10-04,227,South,21687,17117.0,,05:04:29,05:04:29,2,2482,Smokey Point Blvd & 186th Pl NE,0.0,0.0
2023-10-04,227,South,21687,17117.0,,05:04:56,05:04:56,3,1451,Smokey Point Blvd & 183rd Pl NE,0.0,0.0
2023-10-04,227,South,21687,17117.0,,05:05:10,05:05:10,4,2520,Smokey Point Blvd & 182nd St NE,0.0,0.0
2023-10-04,227,South,21687,17117.0,05:04:00,05:05:45,05:06:13,5,1453,Smokey Point Blvd & 177th Pl NE,4.0,1.0
2023-10-04,227,South,21687,17117.0,,05:06:41,05:06:41,6,1449,Smokey Point Transit Center Bay 3,0.0,0.0
2023-10-04,227,South,21687,17117.0,,05:07:58,05:07:58,7,1594,172nd St NE & Smokey Point Blvd,0.0,0.0
2023-10-04,227,South,21687,17117.0,,05:20:56,05:20:56,8,2490,10th St & Ash Ave,0.0,0.0
2023-10-04,227,South,21687,17117.0,05:17:00,05:21:33,05:21:49,9,2517,Marysville Ash Ave Park & Ride Bay 1,1.0,0.0
2023-10-04,227,South,21687,17117.0,,05:23:02,05:23:02,10,2465,4th St & Beach Ave,0.0,0.0
2023-10-04,227,South,21687,17117.0,,05:23:34,05:23:34,11,1397,I-5 & Marine Dr NE Flyer Stop,0.0,0.0
2023-10-04,227,South,21687,17117.0,05:39:00,05:38:22,05:38:22,13,3199,Seaway Transit Center,1.0,7.0
2023-10-05,227,North,21684,16801.0,14:55:00,14:55:11,14:55:11,0,3184,Seaway Transit Center Bay 2,9.0,0.0
2023-10-05,227,North,21684,16801.0,15:23:00,15:24:42,15:25:04,2,905,I-5 & 4th St Flyer Stop,0.0,3.0
2023-10-05,227,North,21684,16801.0,,15:36:08,15:36:08,3,2460,Smokey Point Blvd & 174th Pl NE,0.0,0.0
2023-10-05,227,North,21684,16801.0,15:38:00,15:36:34,15:36:50,4,953,Smokey Point Blvd & 177th Pl NE,0.0,1.0
2023-10-05,227,North,21684,16801.0,,15:37:36,15:37:36,5,958,Smokey Point Blvd & 183rd Pl NE,0.0,0.0
2023-10-05,227,North,21684,16801.0,,15:38:01,15:38:15,6,2530,Smokey Point Blvd & 186th Pl NE,0.0,1.0
2023-10-05,227,North,21684,16801.0,15:49:00,15:47:19,15:47:51,7,1490,Arlington Park & Ride Bay 1,0.0,2.0
2023-10-05,227,North,21684,16801.0,15:50:00,15:49:39,15:49:39,8,1049,N West Ave & W 5th St,0.0,2.0
2023-10-05,227,North,21685,19123.0,15:55:00,15:55:31,15:55:31,0,3184,Seaway Transit Center Bay 2,2.0,0.0
2023-10-05,227,North,21685,19123.0,16:23:00,16:25:50,16:26:16,2,905,I-5 & 4th St Flyer Stop,1.0,0.0
2023-10-05,227,North,21685,19123.0,,16:35:46,16:36:03,3,2460,Smokey Point Blvd & 174th Pl NE,0.0,3.0
2023-10-05,227,North,21685,19123.0,16:38:00,16:36:52,16:36:52,4,953,Smokey Point Blvd & 177th Pl NE,0.0,0.0
2023-10-05,227,North,21685,19123.0,,16:37:35,16:37:35,5,958,Smokey Point Blvd & 183rd Pl NE,0.0,0.0
2023-10-05,227,North,21685,19123.0,,16:37:54,16:37:54,6,2530,Smokey Point Blvd & 186th Pl NE,0.0,0.0
2023-10-05,227,North,21685,19123.0,16:49:00,16:47:07,16:47:07,7,1490,Arlington Park & Ride Bay 1,0.0,0.0
2023-10-05,227,North,21685,19123.0,16:50:00,16:47:36,16:47:36,8,1049,N West Ave & W 5th St,0.0,0.0
2023-10-05,227,South,21686,17119.0,04:10:00,04:10:07,04:10:07,0,1490,Arlington Park & Ride Bay 1,0.0,0.0
2023-10-05,227,South,21686,17119.0,,04:10:43,04:10:43,1,1049,N West Ave & W 5th St,0.0,0.0
2023-10-05,227,South,21686,17119.0,,04:18:45,04:18:57,2,2482,Smokey Point Blvd & 186th Pl NE,1.0,0.0
2023-10-05,227,South,21686,17119.0,,04:19:27,04:19:27,3,1451,Smokey Point Blvd & 183rd Pl NE,0.0,0.0
2023-10-05,227,South,21686,17119.0,,04:19:41,04:19:41,4,2520,Smokey Point Blvd & 182nd St NE,0.0,0.0
2023-10-05,227,South,21686,17119.0,04:19:00,04:20:15,04:20:29,5,1453,Smokey Point Blvd & 177th Pl NE,2.0,0.0
2023-10-05,227,South,21686,17119.0,,04:21:34,04:21:59,6,1449,Smokey Point Transit Center Bay 3,1.0,0.0
2023-10-05,227,South,21686,17119.0,,04:22:33,04:23:04,7,1594,172nd St NE & Smokey Point Blvd,1.0,0.0
2023-10-05,227,South,21686,17119.0,,04:34:08,04:34:08,8,2490,10th St & Ash Ave,0.0,0.0
2023-10-05,227,South,21686,17119.0,04:32:00,04:34:43,04:35:10,9,2517,Marysville Ash Ave Park & Ride Bay 1,3.0,1.0
2023-10-05,227,South,21686,17119.0,,04:36:31,04:36:31,10,2465,4th St & Beach Ave,0.0,0.0
2023-10-05,227,South,21686,17119.0,,04:37:18,04:37:27,11,1397,I-5 & Marine Dr NE Flyer Stop,0.0,0.0
2023-10-05,227,South,21686,17119.0,04:55:00,04:53:58,04:53:58,13,3199,Seaway Transit Center,0.0,7.0
2023-10-05,227,South,21687,17120.0,04:55:00,04:55:26,04:55:26,0,1490,Arlington Park & Ride Bay 1,2.0,0.0
2023-10-05,227,South,21687,17120.0,,04:56:11,04:56:11,1,1049,N West Ave & W 5th St,0.0,0.0
2023-10-05,227,South,21687,17120.0,,05:04:27,05:04:27,2,2482,Smokey Point Blvd & 186th Pl NE,0.0,0.0
2023-10-05,227,South,21687,17120.0,,05:04:50,05:04:50,3,1451,Smokey Point Blvd & 183rd Pl NE,0.0,0.0
2023-10-05,227,South,21687,17120.0,,05:05:05,05:05:05,4,2520,Smokey Point Blvd & 182nd St NE,0.0,0.0
2023-10-05,227,South,21687,17120.0,05:04:00,05:05:41,05:05:57,5,1453,Smokey Point Blvd & 177th Pl NE,1.0,0.0
2023-10-05,227,South,21687,17120.0,,05:06:26,05:06:26,6,1449,Smokey Point Transit Center Bay 3,0.0,0.0
2023-10-05,227,South,21687,17120.0,,05:07:20,05:07:20,7,1594,172nd St NE & Smokey Point Blvd,0.0,0.0
2023-10-05,227,South,21687,17120.0,,05:19:28,05:19:28,8,2490,10th St & Ash Ave,0.0,0.0
2023-10-05,227,South,21687,17120.0,05:17:00,05:20:14,05:20:28,9,2517,Marysville Ash Ave Park & Ride Bay 1,1.0,0.0
2023-10-05,227,South,21687,17120.0,,05:22:29,05:22:29,10,2465,4th St & Beach Ave,0.0,0.0
2023-10-05,227,South,21687,17120.0,,05:23:08,05:23:08,11,1397,I-5 & Marine Dr NE Flyer Stop,0.0,0.0
2023-10-05,227,South,21687,17120.0,05:39:00,05:39:10,05:39:10,13,3199,Seaway Transit Center,0.0,4.0
2023-10-06,227,North,21684,22802.0,14:55:00,14:55:03,14:55:03,0,3184,Seaway Transit Center Bay 2,4.0,0.0
2023-10-06,227,North,21684,22802.0,15:23:00,15:39:04,15:39:23,2,905,I-5 & 4th St Flyer Stop,0.0,1.0
2023-10-06,227,North,21684,22802.0,,15:50:47,15:50:47,3,2460,Smokey Point Blvd & 174th Pl NE,0.0,0.0
2023-10-06,227,North,21684,22802.0,15:38:00,15:51:15,15:51:32,4,953,Smokey Point Blvd & 177th Pl NE,0.0,1.0
2023-10-06,227,North,21684,22802.0,,15:52:17,15:52:17,5,958,Smokey Point Blvd & 183rd Pl NE,0.0,0.0
2023-10-06,227,North,21684,22802.0,,15:52:40,15:52:40,6,2530,Smokey Point Blvd & 186th Pl NE,0.0,0.0
2023-10-06,227,North,21684,22802.0,15:49:00,16:01:24,16:01:55,7,1490,Arlington Park & Ride Bay 1,0.0,1.0
2023-10-06,227,North,21684,22802.0,15:50:00,16:02:54,16:02:54,8,1049,N West Ave & W 5th St,0.0,1.0
2023-10-06,227,North,21685,15115.0,15:55:00,15:55:04,15:55:04,0,3184,Seaway Transit Center Bay 2,0.0,0.0
2023-10-06,227,North,21685,15115.0,16:23:00,16:40:59,16:40:59,2,905,I-5 & 4th St Flyer Stop,0.0,0.0
2023-10-06,227,North,21685,15115.0,,16:50:33,16:50:33,3,2460,Smokey Point Blvd & 174th Pl NE,0.0,0.0
2023-10-06,227,North,21685,15115.0,16:38:00,16:50:55,16:50:55,4,953,Smokey Point Blvd & 177th Pl NE,0.0,0.0
2023-10-06,227,North,21685,15115.0,,16:51:28,16:51:28,5,958,Smokey Point Blvd & 183rd Pl NE,0.0,0.0
2023-10-06,227,North,21685,15115.0,,16:52:01,16:52:01,6,2530,Smokey Point Blvd & 186th Pl NE,0.0,0.0
2023-10-06,227,North,21685,15115.0,16:49:00,17:00:35,17:00:35,7,1490,Arlington Park & Ride Bay 1,0.0,0.0
2023-10-06,227,North,21685,15115.0,16:50:00,17:01:51,17:01:51,8,1049,N West Ave & W 5th St,0.0,0.0
2023-10-06,227,South,21686,15114.0,04:10:00,04:10:06,04:10:06,0,1490,Arlington Park & Ride Bay 1,0.0,0.0
2023-10-06,227,South,21686,15114.0,,04:10:38,04:10:38,1,1049,N West Ave & W 5th St,0.0,0.0
2023-10-06,227,South,21686,15114.0,,04:18:25,04:18:38,2,2482,Smokey Point Blvd & 186th Pl NE,0.0,0.0
2023-10-06,227,South,21686,15114.0,,04:19:07,04:19:07,3,1451,Smokey Point Blvd & 183rd Pl NE,0.0,0.0
2023-10-06,227,South,21686,15114.0,,04:19:22,04:19:22,4,2520,Smokey Point Blvd & 182nd St NE,0.0,0.0
2023-10-06,227,South,21686,15114.0,04:19:00,04:19:53,04:20:06,5,1453,Smokey Point Blvd & 177th Pl NE,0.0,0.0
2023-10-06,227,South,21686,15114.0,,04:20:34,04:20:55,6,1449,Smokey Point Transit Center Bay 3,0.0,0.0
2023-10-06,227,South,21686,15114.0,,04:21:42,04:21:42,7,1594,172nd St NE & Smokey Point Blvd,0.0,0.0
2023-10-06,227,South,21686,15114.0,,04:33:54,04:33:54,8,2490,10th St & Ash Ave,0.0,0.0
2023-10-06,227,South,21686,15114.0,04:32:00,04:34:09,04:34:09,9,2517,Marysville Ash Ave Park & Ride Bay 1,0.0,0.0
2023-10-06,227,South,21686,15114.0,,04:34:27,04:34:27,10,2465,4th St & Beach Ave,0.0,0.0
2023-10-06,227,South,21686,15114.0,,04:48:51,04:48:51,11,1397,I-5 & Marine Dr NE Flyer Stop,0.0,0.0
2023-10-06,227,South,21686,15114.0,04:55:00,05:01:45,05:01:45,13,3199,Seaway Transit Center,0.0,0.0
2023-10-06,227,South,21687,19107.0,04:55:00,04:55:35,04:55:35,0,1490,Arlington Park & Ride Bay 1,2.0,0.0
2023-10-06,227,South,21687,19107.0,,04:56:13,04:56:13,1,1049,N West Ave & W 5th St,0.0,0.0
2023-10-06,227,South,21687,19107.0,,05:04:31,05:04:31,2,2482,Smokey Point Blvd & 186th Pl NE,0.0,0.0
2023-10-06,227,South,21687,19107.0,,05:04:54,05:04:54,3,1451,Smokey Point Blvd & 183rd Pl NE,0.0,0.0
2023-10-06,227,South,21687,19107.0,,05:05:05,05:05:05,4,2520,Smokey Point Blvd & 182nd St NE,0.0,0.0
2023-10-06,227,South,21687,19107.0,05:04:00,05:05:39,05:05:57,5,1453,Smokey Point Blvd & 177th Pl NE,1.0,0.0
2023-10-06,227,South,21687,19107.0,,05:06:31,05:06:38,6,1449,Smokey Point Transit Center Bay 3,0.0,1.0
2023-10-06,227,South,21687,19107.0,,05:07:11,05:07:11,7,1594,172nd St NE & Smokey Point Blvd,0.0,0.0
2023-10-06,227,South,21687,19107.0,,05:19:29,05:19:29,8,2490,10th St & Ash Ave,0.0,0.0
2023-10-06,227,South,21687,19107.0,05:17:00,05:20:13,05:20:36,9,2517,Marysville Ash Ave Park & Ride Bay 1,1.0,0.0
2023-10-06,227,South,21687,19107.0,,05:22:03,05:22:03,10,2465,4th St & Beach Ave,0.0,0.0
2023-10-06,227,South,21687,19107.0,,05:23:07,05:23:07,11,1397,I-5 & Marine Dr NE Flyer Stop,0.0,0.0
2023-10-06,227,South,21687,19107.0,05:39:00,05:37:17,05:37:17,13,3199,Seaway Transit Center,0.0,3.0
2023-10-09,227,North,21684,16805.0,14:55:00,14:55:24,14:55:24,0,3184,Seaway Transit Center Bay 2,7.0,0.0
2023-10-09,227,North,21684,16805.0,15:23:00,15:21:44,15:22:05,2,905,I-5 & 4th St Flyer Stop,0.0,3.0
2023-10-09,227,North,21684,16805.0,,15:32:12,15:32:12,3,2460,Smokey Point Blvd & 174th Pl NE,0.0,0.0
2023-10-09,227,North,21684,16805.0,15:38:00,15:32:38,15:33:00,4,953,Smokey Point Blvd & 177th Pl NE,0.0,1.0
2023-10-09,227,North,21684,16805.0,,15:33:47,15:33:47,5,958,Smokey Point Blvd & 183rd Pl NE,0.0,0.0
2023-10-09,227,North,21684,16805.0,,15:34:15,15:34:26,6,2530,Smokey Point Blvd & 186th Pl NE,0.0,1.0
2023-10-09,227,North,21684,16805.0,15:49:00,15:43:30,15:44:29,7,1490,Arlington Park & Ride Bay 1,0.0,2.0
2023-10-09,227,North,21684,16805.0,15:50:00,15:45:15,15:45:15,8,1049,N West Ave & W 5th St,0.0,0.0
2023-10-09,227,North,21685,19104.0,15:55:00,15:55:16,15:55:16,0,3184,Seaway Transit Center Bay 2,4.0,0.0
2023-10-09,227,North,21685,19104.0,16:23:00,16:21:30,16:21:47,2,905,I-5 & 4th St Flyer Stop,0.0,1.0
2023-10-09,227,North,21685,19104.0,,16:30:36,16:30:53,3,2460,Smokey Point Blvd & 174th Pl NE,0.0,2.0
2023-10-09,227,North,21685,19104.0,16:38:00,16:31:29,16:31:44,4,953,Smokey Point Blvd & 177th Pl NE,0.0,1.0
2023-10-09,227,North,21685,19104.0,,16:32:25,16:32:25,5,958,Smokey Point Blvd & 183rd Pl NE,0.0,0.0
2023-10-09,227,North,21685,19104.0,,16:32:48,16:32:48,6,2530,Smokey Point Blvd & 186th Pl NE,0.0,0.0
2023-10-09,227,North,21685,19104.0,16:49:00,16:41:39,16:41:50,7,1490,Arlington Park & Ride Bay 1,0.0,0.0
2023-10-09,227,North,21685,19104.0,16:50:00,16:42:28,16:42:28,8,1049,N West Ave & W 5th St,0.0,0.0
2023-10-09,227,South,21686,15113.0,04:10:00,04:10:04,04:10:04,0,1490,Arlington Park & Ride Bay 1,0.0,0.0
2023-10-09,227,South,21686,15113.0,,04:10:35,04:10:35,1,1049,N West Ave & W 5th St,0.0,0.0
2023-10-09,227,South,21686,15113.0,,04:18:28,04:18:40,2,2482,Smokey Point Blvd & 186th Pl NE,0.0,0.0
2023-10-09,227,South,21686,15113.0,,04:19:08,04:19:08,3,1451,Smokey Point Blvd & 183rd Pl NE,0.0,0.0
2023-10-09,227,South,21686,15113.0,,04:19:23,04:19:23,4,2520,Smokey Point Blvd & 182nd St NE,0.0,0.0
2023-10-09,227,South,21686,15113.0,04:19:00,04:19:53,04:20:09,5,1453,Smokey Point Blvd & 177th Pl NE,3.0,0.0
2023-10-09,227,South,21686,15113.0,,04:20:38,04:21:01,6,1449,Smokey Point Transit Center Bay 3,0.0,0.0
2023-10-09,227,South,21686,15113.0,,04:21:34,04:21:34,7,1594,172nd St NE & Smokey Point Blvd,0.0,0.0
2023-10-09,227,South,21686,15113.0,,04:32:28,04:32:28,8,2490,10th St & Ash Ave,0.0,0.0
2023-10-09,227,South,21686,15113.0,04:32:00,04:33:05,04:33:39,9,2517,Marysville Ash Ave Park & Ride Bay 1,5.0,1.0
2023-10-09,227,South,21686,15113.0,,04:35:16,04:35:16,10,2465,4th St & Beach Ave,0.0,0.0
2023-10-09,227,South,21686,15113.0,,04:35:47,04:35:47,11,1397,I-5 & Marine Dr NE Flyer Stop,0.0,0.0
2023-10-09,227,South,21686,15113.0,04:55:00,04:51:20,04:51:20,13,3199,Seaway Transit Center,0.0,7.0
2023-10-09,227,South,21687,17124.0,04:55:00,04:56:44,04:56:44,0,1490,Arlington Park & Ride Bay 1,2.0,0.0
2023-10-09,227,South,21687,17124.0,,04:57:22,04:57:22,1,1049,N West Ave & W 5th St,0.0,0.0
2023-10-09,227,South,21687,17124.0,,05:05:30,05:05:30,2,2482,Smokey Point Blvd & 186th Pl NE,0.0,0.0
2023-10-09,227,South,21687,17124.0,,05:05:53,05:05:53,3,1451,Smokey Point Blvd & 183rd Pl NE,0.0,0.0
2023-10-09,227,South,21687,17124.0,,05:06:05,05:06:05,4,2520,Smokey Point Blvd & 182nd St NE,0.0,0.0
2023-10-09,227,South,21687,17124.0,05:04:00,05:06:37,05:06:58,5,1453,Smokey Point Blvd & 177th Pl NE,1.0,0.0
2023-10-09,227,South,21687,17124.0,,05:07:24,05:07:24,6,1449,Smokey Point Transit Center Bay 3,0.0,0.0
2023-10-09,227,South,21687,17124.0,,05:08:06,05:08:06,7,1594,172nd St NE & Smokey Point Blvd,0.0,0.0
2023-10-09,227,South,21687,17124.0,,05:21:05,05:21:05,8,2490,10th St & Ash Ave,0.0,0.0
2023-10-09,227,South,21687,17124.0,05:17:00,05:21:40,05:21:40,9,2517,Marysville Ash Ave Park & Ride Bay 1,0.0,0.0
2023-10-09,227,South,21687,17124.0,,05:23:40,05:23:40,10,2465,4th St & Beach Ave,0.0,0.0
2023-10-09,227,South,21687,17124.0,,05:24:22,05:24:22,11,1397,I-5 & Marine Dr NE Flyer Stop,0.0,0.0
2023-10-09,227,South,21687,17124.0,05:39:00,05:40:28,05:40:28,13,3199,Seaway Transit Center,0.0,3.0
2023-10-10,227,North,21684,19809.0,14:55:00,14:55:04,14:55:04,0,3184,Seaway Transit Center Bay 2,8.0,0.0
2023-10-10,227,North,21684,19809.0,15:23:00,15:35:41,15:36:12,2,905,I-5 & 4th St Flyer Stop,0.0,5.0
2023-10-10,227,North,21684,19809.0,,15:46:55,15:46:55,3,2460,Smokey Point Blvd & 174th Pl NE,0.0,0.0
2023-10-10,227,North,21684,19809.0,15:38:00,15:47:28,15:47:48,4,953,Smokey Point Blvd & 177th Pl NE,0.0,2.0
2023-10-10,227,North,21684,19809.0,,15:48:35,15:48:35,5,958,Smokey Point Blvd & 183rd Pl NE,0.0,0.0
2023-10-10,227,North,21684,19809.0,,15:49:10,15:49:20,6,2530,Smokey Point Blvd & 186th Pl NE,0.0,1.0
2023-10-10,227,North,21684,19809.0,15:49:00,15:58:08,15:58:50,7,1490,Arlington Park & Ride Bay 1,0.0,0.0
2023-10-10,227,North,21684,19809.0,15:50:00,16:01:46,16:01:46,8,1049,N West Ave & W 5th St,0.0,0.0
2023-10-10,227,North,21685,15112.0,15:55:00,15:54:21,15:54:21,0,3184,Seaway Transit Center Bay 2,3.0,0.0
2023-10-10,227,North,21685,15112.0,16:23:00,16:27:59,16:28:14,2,905,I-5 & 4th St Flyer Stop,0.0,1.0
2023-10-10,227,North,21685,15112.0,,16:38:48,16:39:08,3,2460,Smokey Point Blvd & 174th Pl NE,1.0,1.0
2023-10-10,227,North,21685,15112.0,16:38:00,16:39:49,16:39:49,4,953,Smokey Point Blvd & 177th Pl NE,0.0,0.0
2023-10-10,227,North,21685,15112.0,,16:40:25,16:40:25,5,958,Smokey Point Blvd & 183rd Pl NE,0.0,0.0
2023-10-10,227,North,21685,15112.0,,16:40:45,16:40:45,6,2530,Smokey Point Blvd & 186th Pl NE,0.0,0.0
2023-10-10,227,North,21685,15112.0,16:49:00,16:49:03,16:49:15,7,1490,Arlington Park & Ride Bay 1,0.0,1.0
2023-10-10,227,North,21685,15112.0,16:50:00,16:50:03,16:50:03,8,1049,N West Ave & W 5th St,0.0,1.0
2023-10-10,227,South,21686,15102.0,04:10:00,04:10:18,04:10:18,0,1490,Arlington Park & Ride Bay 1,0.0,0.0
2023-10-10,227,South,21686,15102.0,,04:10:48,04:10:48,1,1049,N West Ave & W 5th St,0.0,0.0
2023-10-10,227,South,21686,15102.0,,04:18:40,04:18:52,2,2482,Smokey Point Blvd & 186th Pl NE,1.0,0.0
2023-10-10,227,South,21686,15102.0,,04:19:20,04:19:20,3,1451,Smokey Point Blvd & 183rd Pl NE,0.0,0.0
2023-10-10,227,South,21686,15102.0,,04:19:34,04:19:34,4,2520,Smokey Point Blvd & 182nd St NE,0.0,0.0
2023-10-10,227,South,21686,15102.0,04:19:00,04:20:01,04:20:15,5,1453,Smokey Point Blvd & 177th Pl NE,2.0,0.0
2023-10-10,227,South,21686,15102.0,,04:20:42,04:21:03,6,1449,Smokey Point Transit Center Bay 3,2.0,0.0
2023-10-10,227,South,21686,15102.0,,04:21:37,04:21:37,7,1594,172nd St NE & Smokey Point Blvd,0.0,0.0
2023-10-10,227,South,21686,15102.0,,04:33:01,04:33:01,8,2490,10th St & Ash Ave,0.0,0.0
2023-10-10,227,South,21686,15102.0,04:32:00,04:33:37,04:34:06,9,2517,Marysville Ash Ave Park & Ride Bay 1,5.0,2.0
2023-10-10,227,South,21686,15102.0,,04:35:33,04:35:43,10,2465,4th St & Beach Ave,0.0,1.0
2023-10-10,227,South,21686,15102.0,,04:36:46,04:37:03,11,1397,I-5 & Marine Dr NE Flyer Stop,2.0,0.0
2023-10-10,227,South,21686,15102.0,04:55:00,04:54:13,04:54:13,13,3199,Seaway Transit Center,1.0,10.0
2023-10-10,227,South,21687,15115.0,04:55:00,04:55:27,04:55:27,0,1490,Arlington Park & Ride Bay 1,1.0,0.0
2023-10-10,227,South,21687,15115.0,,04:56:11,04:56:11,1,1049,N West Ave & W 5th St,0.0,0.0
2023-10-10,227,South,21687,15115.0,,05:05:14,05:05:14,2,2482,Smokey Point Blvd & 186th Pl NE,0.0,0.0
2023-10-10,227,South,21687,15115.0,,05:05:43,05:05:43,3,1451,Smokey Point Blvd & 183rd Pl NE,0.0,0.0
2023-10-10,227,South,21687,15115.0,,05:06:00,05:06:00,4,2520,Smokey Point Blvd & 182nd St NE,0.0,0.0
2023-10-10,227,South,21687,15115.0,05:04:00,05:06:37,05:07:06,5,1453,Smokey Point Blvd & 177th Pl NE,2.0,0.0
2023-10-10,227,South,21687,15115.0,,05:07:38,05:07:38,6,1449,Smokey Point Transit Center Bay 3,0.0,0.0
2023-10-10,227,South,21687,15115.0,,05:08:06,05:08:06,7,1594,172nd St NE & Smokey Point Blvd,0.0,0.0
2023-10-10,227,South,21687,15115.0,,05:20:25,05:20:25,8,2490,10th St & Ash Ave,0.0,0.0
2023-10-10,227,South,21687,15115.0,05:17:00,05:21:08,05:21:26,9,2517,Marysville Ash Ave Park & Ride Bay 1,1.0,0.0
2023-10-10,227,South,21687,15115.0,,05:23:13,05:23:13,10,2465,4th St & Beach Ave,0.0,0.0
2023-10-10,227,South,21687,15115.0,,05:25:26,05:25:26,11,1397,I-5 & Marine Dr NE Flyer Stop,0.0,0.0
2023-10-10,227,South,21687,15115.0,05:39:00,05:42:26,05:42:26,13,3199,Seaway Transit Center,0.0,4.0
2023-10-11,227,North,21684,17808.0,14:55:00,14:55:16,14:55:16,0,3184,Seaway Transit Center Bay 2,9.0,0.0
2023-10-11,227,North,21684,17808.0,15:23:00,15:20:10,15:20:29,2,905,I-5 & 4th St Flyer Stop,0.0,3.0
2023-10-11,227,North,21684,17808.0,,15:31:13,15:31:13,3,2460,Smokey Point Blvd & 174th Pl NE,0.0,0.0
2023-10-11,227,North,21684,17808.0,15:38:00,15:31:42,15:32:00,4,953,Smokey Point Blvd & 177th Pl NE,0.0,2.0
2023-10-11,227,North,21684,17808.0,,15:32:45,15:32:45,5,958,Smokey Point Blvd & 183rd Pl NE,0.0,0.0
2023-10-11,227,North,21684,17808.0,,15:33:14,15:33:23,6,2530,Smokey Point Blvd & 186th Pl NE,0.0,1.0
2023-10-11,227,North,21684,17808.0,15:49:00,15:42:23,15:43:57,7,1490,Arlington Park & Ride Bay 1,0.0,3.0
2023-10-11,227,North,21684,17808.0,15:50:00,15:44:42,15:44:42,8,1049,N West Ave & W 5th St,0.0,0.0
2023-10-11,227,North,21685,15100.0,15:55:00,15:55:08,15:55:08,0,3184,Seaway Transit Center Bay 2,3.0,0.0
2023-10-11,227,North,21685,15100.0,16:23:00,16:21:50,16:22:06,2,905,I-5 & 4th St Flyer Stop,0.0,1.0
2023-10-11,227,North,21685,15100.0,,16:31:42,16:32:08,3,2460,Smokey Point Blvd & 174th Pl NE,0.0,2.0
2023-10-11,227,North,21685,15100.0,16:38:00,16:32:38,16:32:38,4,953,Smokey Point Blvd & 177th Pl NE,0.0,0.0
2023-10-11,227,North,21685,15100.0,,16:33:14,16:33:14,5,958,Smokey Point Blvd & 183rd Pl NE,0.0,0.0
2023-10-11,227,North,21685,15100.0,,16:33:30,16:33:30,6,2530,Smokey Point Blvd & 186th Pl NE,0.0,0.0
2023-10-11,227,North,21685,15100.0,16:49:00,16:41:58,16:41:58,7,1490,Arlington Park & Ride Bay 1,0.0,0.0
2023-10-11,227,North,21685,15100.0,16:50:00,16:42:18,16:42:18,8,1049,N West Ave & W 5th St,0.0,0.0
2023-10-11,227,South,21686,15110.0,04:10:00,04:09:58,04:09:58,0,1490,Arlington Park & Ride Bay 1,0.0,0.0
2023-10-11,227,South,21686,15110.0,,04:10:32,04:10:32,1,1049,N West Ave & W 5th St,0.0,0.0
2023-10-11,227,South,21686,15110.0,,04:18:34,04:18:48,2,2482,Smokey Point Blvd & 186th Pl NE,1.0,0.0
2023-10-11,227,South,21686,15110.0,,04:19:17,04:19:17,3,1451,Smokey Point Blvd & 183rd Pl NE,0.0,0.0
2023-10-11,227,South,21686,15110.0,,04:19:32,04:19:32,4,2520,Smokey Point Blvd & 182nd St NE,0.0,0.0
2023-10-11,227,South,21686,15110.0,04:19:00,04:20:01,04:20:17,5,1453,Smokey Point Blvd & 177th Pl NE,3.0,0.0
2023-10-11,227,South,21686,15110.0,,04:20:46,04:21:03,6,1449,Smokey Point Transit Center Bay 3,1.0,0.0
2023-10-11,227,South,21686,15110.0,,04:21:45,04:22:11,7,1594,172nd St NE & Smokey Point Blvd,1.0,0.0
2023-10-11,227,South,21686,15110.0,,04:33:01,04:33:01,8,2490,10th St & Ash Ave,0.0,0.0
2023-10-11,227,South,21686,15110.0,04:32:00,04:33:34,04:34:00,9,2517,Marysville Ash Ave Park & Ride Bay 1,4.0,2.0
2023-10-11,227,South,21686,15110.0,,04:35:38,04:35:38,10,2465,4th St & Beach Ave,0.0,0.0
2023-10-11,227,South,21686,15110.0,,04:36:16,04:36:28,11,1397,I-5 & Marine Dr NE Flyer Stop,0.0,1.0
2023-10-11,227,South,21686,15110.0,04:55:00,04:54:04,04:54:04,13,3199,Seaway Transit Center,0.0,7.0
2023-10-11,227,South,21687,15102.0,04:55:00,04:54:15,04:54:15,0,1490,Arlington Park & Ride Bay 1,5.0,0.0
2023-10-11,227,South,21687,15102.0,,04:55:04,04:55:23,1,1049,N West Ave & W 5th St,1.0,0.0
2023-10-11,227,South,21687,15102.0,,05:03:50,05:03:57,2,2482,Smokey Point Blvd & 186th Pl NE,0.0,0.0
2023-10-11,227,South,21687,15102.0,,05:04:29,05:04:29,3,1451,Smokey Point Blvd & 183rd Pl NE,0.0,0.0
2023-10-11,227,South,21687,15102.0,,05:04:47,05:04:47,4,2520,Smokey Point Blvd & 182nd St NE,0.0,0.0
2023-10-11,227,South,21687,15102.0,05:04:00,05:05:20,05:05:41,5,1453,Smokey Point Blvd & 177th Pl NE,2.0,0.0
2023-10-11,227,South,21687,15102.0,,05:06:11,05:06:20,6,1449,Smokey Point Transit Center Bay 3,0.0,1.0
2023-10-11,227,South,21687,15102.0,,05:06:59,05:06:59,7,1594,172nd St NE & Smokey Point Blvd,0.0,0.0
2023-10-11,227,South,21687,15102.0,,05:18:57,05:18:57,8,2490,10th St & Ash Ave,0.0,0.0
2023-10-11,227,South,21687,15102.0,05:17:00,05:19:40,05:20:00,9,2517,Marysville Ash Ave Park & Ride Bay 1,1.0,0.0
2023-10-11,227,South,21687,15102.0,,05:21:54,05:21:54,10,2465,4th St & Beach Ave,0.0,0.0
2023-10-11,227,South,21687,15102.0,,05:24:02,05:24:02,11,1397,I-5 & Marine Dr NE Flyer Stop,0.0,0.0
2023-10-11,227,South,21687,15102.0,05:39:00,05:41:53,05:41:53,13,3199,Seaway Transit Center,0.0,8.0
2023-10-12,227,North,21684,17802.0,14:55:00,14:55:08,14:55:08,0,3184,Seaway Transit Center Bay 2,8.0,0.0
2023-10-12,227,North,21684,17802.0,15:23:00,15:22:13,15:22:34,2,905,I-5 & 4th St Flyer Stop,0.0,3.0
2023-10-12,227,North,21684,17802.0,,15:33:53,15:33:53,3,2460,Smokey Point Blvd & 174th Pl NE,0.0,0.0
2023-10-12,227,North,21684,17802.0,15:38:00,15:34:19,15:34:32,4,953,Smokey Point Blvd & 177th Pl NE,0.0,1.0
2023-10-12,227,North,21684,17802.0,,15:35:18,15:35:18,5,958,Smokey Point Blvd & 183rd Pl NE,0.0,0.0
2023-10-12,227,North,21684,17802.0,,15:35:45,15:35:56,6,2530,Smokey Point Blvd & 186th Pl NE,0.0,1.0
2023-10-12,227,North,21684,17802.0,15:49:00,15:44:20,15:45:06,7,1490,Arlington Park & Ride Bay 1,0.0,2.0
2023-10-12,227,North,21684,17802.0,15:50:00,15:46:00,15:46:00,8,1049,N West Ave & W 5th St,0.0,1.0
2023-10-12,227,North,21685,11100.0,15:55:00,15:55:14,15:55:14,0,3184,Seaway Transit Center Bay 2,5.0,0.0
2023-10-12,227,North,21685,11100.0,16:23:00,16:25:25,16:25:44,2,905,I-5 & 4th St Flyer Stop,0.0,3.0
2023-10-12,227,North,21685,11100.0,,16:36:52,16:37:05,3,2460,Smokey Point Blvd & 174th Pl NE,0.0,1.0
2023-10-12,227,North,21685,11100.0,16:38:00,16:37:34,16:37:34,4,953,Smokey Point Blvd & 177th Pl NE,0.0,0.0
2023-10-12,227,North,21685,11100.0,,16:38:17,16:38:17,5,958,Smokey Point Blvd & 183rd Pl NE,0.0,0.0
2023-10-12,227,North,21685,11100.0,,16:38:39,16:38:39,6,2530,Smokey Point Blvd & 186th Pl NE,0.0,0.0
2023-10-12,227,North,21685,11100.0,16:49:00,16:48:01,16:48:01,7,1490,Arlington Park & Ride Bay 1,0.0,0.0
2023-10-12,227,North,21685,11100.0,16:50:00,16:48:40,16:48:40,8,1049,N West Ave & W 5th St,0.0,1.0
2023-10-12,227,South,21686,15106.0,04:10:00,04:10:10,04:10:10,0,1490,Arlington Park & Ride Bay 1,0.0,0.0
2023-10-12,227,South,21686,15106.0,,04:10:51,04:10:51,1,1049,N West Ave & W 5th St,0.0,0.0
2023-10-12,227,South,21686,15106.0,,04:19:58,04:20:14,2,2482,Smokey Point Blvd & 186th Pl NE,2.0,0.0
2023-10-12,227,South,21686,15106.0,,04:20:51,04:20:51,3,1451,Smokey Point Blvd & 183rd Pl NE,0.0,0.0
2023-10-12,227,South,21686,15106.0,,04:21:10,04:21:10,4,2520,Smokey Point Blvd & 182nd St NE,0.0,0.0
2023-10-12,227,South,21686,15106.0,04:19:00,04:21:40,04:21:58,5,1453,Smokey Point Blvd & 177th Pl NE,2.0,1.0
2023-10-12,227,South,21686,15106.0,,04:22:28,04:22:44,6,1449,Smokey Point Transit Center Bay 3,0.0,0.0
2023-10-12,227,South,21686,15106.0,,04:23:25,04:23:50,7,1594,172nd St NE & Smokey Point Blvd,0.0,0.0
2023-10-12,227,South,21686,15106.0,,04:36:53,04:36:53,8,2490,10th St & Ash Ave,0.0,0.0
2023-10-12,227,South,21686,15106.0,04:32:00,04:37:31,04:38:21,9,2517,Marysville Ash Ave Park & Ride Bay 1,5.0,0.0
2023-10-12,227,South,21686,15106.0,,04:39:46,04:39:46,10,2465,4th St & Beach Ave,0.0,0.0
2023-10-12,227,South,21686,15106.0,,04:40:48,04:40:59,11,1397,I-5 & Marine Dr NE Flyer Stop,0.0,1.0
2023-10-12,227,South,21686,15106.0,04:55:00,04:57:02,04:57:02,13,3199,Seaway Transit Center,0.0,7.0
2023-10-12,227,South,21687,17124.0,04:55:00,04:55:16,04:55:16,0,1490,Arlington Park & Ride Bay 1,2.0,0.0
2023-10-12,227,South,21687,17124.0,,04:55:55,04:55:55,1,1049,N West Ave & W 5th St,0.0,0.0
2023-10-12,227,South,21687,17124.0,,05:04:52,05:04:52,2,2482,Smokey Point Blvd & 186th Pl NE,0.0,0.0
2023-10-12,227,South,21687,17124.0,,05:05:14,05:05:14,3,1451,Smokey Point Blvd & 183rd Pl NE,0.0,0.0
2023-10-12,227,South,21687,17124.0,,05:05:26,05:05:26,4,2520,Smokey Point Blvd & 182nd St NE,0.0,0.0
2023-10-12,227,South,21687,17124.0,05:04:00,05:05:58,05:06:42,5,1453,Smokey Point Blvd & 177th Pl NE,1.0,0.0
2023-10-12,227,South,21687,17124.0,,05:07:07,05:07:07,6,1449,Smokey Point Transit Center Bay 3,0.0,0.0
2023-10-12,227,South,21687,17124.0,,05:08:10,05:08:10,7,1594,172nd St NE & Smokey Point Blvd,0.0,0.0
2023-10-12,227,South,21687,17124.0,,05:20:42,05:20:42,8,2490,10th St & Ash Ave,0.0,0.0
2023-10-12,227,South,21687,17124.0,05:17:00,05:21:18,05:21:37,9,2517,Marysville Ash Ave Park & Ride Bay 1,1.0,0.0
2023-10-12,227,South,21687,17124.0,,05:23:04,05:23:04,10,2465,4th St & Beach Ave,0.0,0.0
2023-10-12,227,South,21687,17124.0,,05:24:02,05:24:02,11,1397,I-5 & Marine Dr NE Flyer Stop,0.0,0.0
2023-10-12,227,South,21687,17124.0,05:39:00,05:50:02,05:50:02,13,3199,Seaway Transit Center,0.0,4.0
2023-10-13,227,North,21684,19801.0,14:55:00,14:55:12,14:55:12,0,3184,Seaway Transit Center Bay 2,3.0,0.0
2023-10-13,227,North,21684,19801.0,15:23:00,15:33:30,15:33:47,2,905,I-5 & 4th St Flyer Stop,0.0,2.0
2023-10-13,227,North,21684,19801.0,,15:43:25,15:43:25,3,2460,Smokey Point Blvd & 174th Pl NE,0.0,0.0
2023-10-13,227,North,21684,19801.0,15:38:00,15:43:50,15:43:50,4,953,Smokey Point Blvd & 177th Pl NE,0.0,0.0
2023-10-13,227,North,21684,19801.0,,15:44:25,15:44:25,5,958,Smokey Point Blvd & 183rd Pl NE,0.0,0.0
2023-10-13,227,North,21684,19801.0,,15:44:47,15:44:47,6,2530,Smokey Point Blvd & 186th Pl NE,0.0,0.0
2023-10-13,227,North,21684,19801.0,15:49:00,15:54:18,15:54:18,7,1490,Arlington Park & Ride Bay 1,0.0,0.0
2023-10-13,227,North,21684,19801.0,15:50:00,15:54:56,15:54:56,8,1049,N West Ave & W 5th St,0.0,1.0
2023-10-13,227,North,21685,19111.0,15:55:00,15:54:57,15:54:57,0,3184,Seaway Transit Center Bay 2,1.0,0.0
2023-10-13,227,North,21685,19111.0,16:23:00,16:27:41,16:27:54,2,905,I-5 & 4th St Flyer Stop,0.0,1.0
2023-10-13,227,North,21685,19111.0,,16:39:37,16:39:37,3,2460,Smokey Point Blvd & 174th Pl NE,0.0,0.0
2023-10-13,227,North,21685,19111.0,16:38:00,16:40:02,16:40:02,4,953,Smokey Point Blvd & 177th Pl NE,0.0,0.0
2023-10-13,227,North,21685,19111.0,,16:40:50,16:40:59,5,958,Smokey Point Blvd & 183rd Pl NE,0.0,0.0
2023-10-13,227,North,21685,19111.0,,16:41:30,16:41:30,6,2530,Smokey Point Blvd & 186th Pl NE,0.0,0.0
2023-10-13,227,North,21685,19111.0,16:49:00,16:50:01,16:50:20,7,1490,Arlington Park & Ride Bay 1,0.0,0.0
2023-10-13,227,North,21685,19111.0,16:50:00,16:51:17,16:51:17,8,1049,N West Ave & W 5th St,0.0,0.0
2023-10-13,227,South,21686,15112.0,04:10:00,04:10:13,04:10:13,0,1490,Arlington Park & Ride Bay 1,0.0,0.0
2023-10-13,227,South,21686,15112.0,,04:10:43,04:10:43,1,1049,N West Ave & W 5th St,0.0,0.0
2023-10-13,227,South,21686,15112.0,,04:18:13,04:18:13,2,2482,Smokey Point Blvd & 186th Pl NE,0.0,0.0
2023-10-13,227,South,21686,15112.0,,04:18:35,04:18:35,3,1451,Smokey Point Blvd & 183rd Pl NE,0.0,0.0
2023-10-13,227,South,21686,15112.0,,04:18:45,04:18:45,4,2520,Smokey Point Blvd & 182nd St NE,0.0,0.0
2023-10-13,227,South,21686,15112.0,04:19:00,04:19:16,04:19:34,5,1453,Smokey Point Blvd & 177th Pl NE,2.0,0.0
2023-10-13,227,South,21686,15112.0,,04:20:04,04:20:23,6,1449,Smokey Point Transit Center Bay 3,1.0,0.0
2023-10-13,227,South,21686,15112.0,,04:21:03,04:21:03,7,1594,172nd St NE & Smokey Point Blvd,0.0,0.0
2023-10-13,227,South,21686,15112.0,,04:32:08,04:32:08,8,2490,10th St & Ash Ave,0.0,0.0
2023-10-13,227,South,21686,15112.0,04:32:00,04:32:39,04:33:02,9,2517,Marysville Ash Ave Park & Ride Bay 1,2.0,0.0
2023-10-13,227,South,21686,15112.0,,04:34:09,04:34:09,10,2465,4th St & Beach Ave,0.0,0.0
2023-10-13,227,South,21686,15112.0,,04:34:49,04:34:49,11,1397,I-5 & Marine Dr NE Flyer Stop,0.0,0.0
2023-10-13,227,South,21686,15112.0,04:55:00,04:48:14,04:48:14,13,3199,Seaway Transit Center,0.0,5.0
2023-10-13,227,South,21687,17104.0,04:55:00,04:55:09,04:55:09,0,1490,Arlington Park & Ride Bay 1,0.0,0.0
2023-10-13,227,South,21687,17104.0,,04:55:45,04:55:45,1,1049,N West Ave & W 5th St,0.0,0.0
2023-10-13,227,South,21687,17104.0,,05:03:45,05:03:45,2,2482,Smokey Point Blvd & 186th Pl NE,0.0,0.0
2023-10-13,227,South,21687,17104.0,,05:04:06,05:04:06,3,1451,Smokey Point Blvd & 183rd Pl NE,0.0,0.0
2023-10-13,227,South,21687,17104.0,,05:04:19,05:04:19,4,2520,Smokey Point Blvd & 182nd St NE,0.0,0.0
2023-10-13,227,South,21687,17104.0,05:04:00,05:04:48,05:04:48,5,1453,Smokey Point Blvd & 177th Pl NE,0.0,0.0
2023-10-13,227,South,21687,17104.0,,05:05:08,05:05:08,6,1449,Smokey Point Transit Center Bay 3,0.0,0.0
2023-10-13,227,South,21687,17104.0,,05:05:38,05:05:55,7,1594,172nd St NE & Smokey Point Blvd,1.0,0.0
2023-10-13,227,South,21687,17104.0,,05:17:21,05:17:21,8,2490,10th St & Ash Ave,0.0,0.0
2023-10-13,227,South,21687,17104.0,05:17:00,05:17:57,05:17:57,9,2517,Marysville Ash Ave Park & Ride Bay 1,0.0,0.0
2023-10-13,227,South,21687,17104.0,,05:19:23,05:19:23,10,2465,4th St & Beach Ave,0.0,0.0
2023-10-13,227,South,21687,17104.0,,05:21:04,05:21:15,11,1397,I-5 & Marine Dr NE Flyer Stop,0.0,1.0
2023-10-13,227,South,21687,17104.0,05:39:00,05:41:55,05:41:55,13,3199,Seaway Transit Center,0.0,0.0
2023-10-16,227,North,21684,16800.0,14:55:00,14:55:21,14:55:21,0,3184,Seaway Transit Center Bay 2,9.0,0.0
2023-10-16,227,North,21684,16800.0,15:23:00,15:23:44,15:24:04,2,905,I-5 & 4th St Flyer Stop,0.0,5.0
2023-10-16,227,North,21684,16800.0,,15:34:33,15:34:33,3,2460,Smokey Point Blvd & 174th Pl NE,0.0,0.0
2023-10-16,227,North,21684,16800.0,15:38:00,15:35:00,15:35:25,4,953,Smokey Point Blvd & 177th Pl NE,0.0,0.0
2023-10-16,227,North,21684,16800.0,,15:36:17,15:36:17,5,958,Smokey Point Blvd & 183rd Pl NE,0.0,0.0
2023-10-16,227,North,21684,16800.0,,15:36:44,15:36:53,6,2530,Smokey Point Blvd & 186th Pl NE,0.0,2.0
2023-10-16,227,North,21684,16800.0,15:49:00,15:45:55,15:47:17,7,1490,Arlington Park & Ride Bay 1,0.0,2.0
2023-10-16,227,North,21684,16800.0,15:50:00,15:48:04,15:48:04,8,1049,N West Ave & W 5th St,0.0,0.0
2023-10-16,227,North,21685,19119.0,15:55:00,15:55:14,15:55:14,0,3184,Seaway Transit Center Bay 2,3.0,0.0
2023-10-16,227,North,21685,19119.0,16:23:00,16:22:15,16:22:23,2,905,I-5 & 4th St Flyer Stop,0.0,1.0
2023-10-16,227,North,21685,19119.0,,16:33:20,16:33:42,3,2460,Smokey Point Blvd & 174th Pl NE,0.0,1.0
2023-10-16,227,North,21685,19119.0,16:38:00,16:34:20,16:34:32,4,953,Smokey Point Blvd & 177th Pl NE,0.0,1.0
2023-10-16,227,North,21685,19119.0,,16:35:17,16:35:17,5,958,Smokey Point Blvd & 183rd Pl NE,0.0,0.0
2023-10-16,227,North,21685,19119.0,,16:35:39,16:35:39,6,2530,Smokey Point Blvd & 186th Pl NE,0.0,0.0
2023-10-16,227,North,21685,19119.0,16:49:00,16:44:24,16:44:24,7,1490,Arlington Park & Ride Bay 1,0.0,0.0
2023-10-16,227,North,21685,19119.0,16:50:00,16:46:48,16:46:48,8,1049,N West Ave & W 5th St,0.0,0.0
2023-10-16,227,South,21686,15113.0,04:10:00,04:10:12,04:10:12,0,1490,Arlington Park & Ride Bay 1,4.0,0.0
2023-10-16,227,South,21686,15113.0,,04:10:46,04:10:46,1,1049,N West Ave & W 5th St,0.0,0.0
2023-10-16,227,South,21686,15113.0,,04:18:29,04:18:42,2,2482,Smokey Point Blvd & 186th Pl NE,1.0,0.0
2023-10-16,227,South,21686,15113.0,,04:19:12,04:19:12,3,1451,Smokey Point Blvd & 183rd Pl NE,0.0,0.0
2023-10-16,227,South,21686,15113.0,,04:19:29,04:19:29,4,2520,Smokey Point Blvd & 182nd St NE,0.0,0.0
2023-10-16,227,South,21686,15113.0,04:19:00,04:20:02,04:20:24,5,1453,Smokey Point Blvd & 177th Pl NE,2.0,0.0
2023-10-16,227,South,21686,15113.0,,04:20:54,04:21:11,6,1449,Smokey Point Transit Center Bay 3,0.0,0.0
2023-10-16,227,South,21686,15113.0,,04:21:43,04:21:43,7,1594,172nd St NE & Smokey Point Blvd,0.0,0.0
2023-10-16,227,South,21686,15113.0,,04:33:52,04:33:52,8,2490,10th St & Ash Ave,0.0,0.0
2023-10-16,227,South,21686,15113.0,04:32:00,04:34:28,04:35:04,9,2517,Marysville Ash Ave Park & Ride Bay 1,4.0,3.0
2023-10-16,227,South,21686,15113.0,,04:36:32,04:36:32,10,2465,4th St & Beach Ave,0.0,0.0
2023-10-16,227,South,21686,15113.0,,04:37:24,04:37:53,11,1397,I-5 & Marine Dr NE Flyer Stop,2.0,0.0
2023-10-16,227,South,21686,15113.0,04:55:00,04:57:12,04:57:12,13,3199,Seaway Transit Center,0.0,10.0
2023-10-16,227,South,21687,17106.0,04:55:00,04:55:09,04:55:09,0,1490,Arlington Park & Ride Bay 1,0.0,0.0
2023-10-16,227,South,21687,17106.0,,04:55:51,04:55:51,1,1049,N West Ave & W 5th St,0.0,0.0
2023-10-16,227,South,21687,17106.0,,05:04:28,05:04:28,2,2482,Smokey Point Blvd & 186th Pl NE,0.0,0.0
2023-10-16,227,South,21687,17106.0,,05:04:50,05:04:50,3,1451,Smokey Point Blvd & 183rd Pl NE,0.0,0.0
2023-10-16,227,South,21687,17106.0,,05:05:00,05:05:00,4,2520,Smokey Point Blvd & 182nd St NE,0.0,0.0
2023-10-16,227,South,21687,17106.0,05:04:00,05:05:35,05:06:00,5,1453,Smokey Point Blvd & 177th Pl NE,0.0,0.0
2023-10-16,227,South,21687,17106.0,,05:06:27,05:06:27,6,1449,Smokey Point Transit Center Bay 3,0.0,0.0
2023-10-16,227,South,21687,17106.0,,05:06:58,05:06:58,7,1594,172nd St NE & Smokey Point Blvd,0.0,0.0
2023-10-16,227,South,21687,17106.0,,05:19:03,05:19:03,8,2490,10th St & Ash Ave,0.0,0.0
2023-10-16,227,South,21687,17106.0,05:17:00,05:19:37,05:19:37,9,2517,Marysville Ash Ave Park & Ride Bay 1,0.0,0.0
2023-10-16,227,South,21687,17106.0,,05:21:09,05:21:09,10,2465,4th St & Beach Ave,0.0,0.0
2023-10-16,227,South,21687,17106.0,,05:22:28,05:22:28,11,1397,I-5 & Marine Dr NE Flyer Stop,0.0,0.0
2023-10-16,227,South,21687,17106.0,05:39:00,05:54:02,05:54:02,13,3199,Seaway Transit Center,0.0,0.0
2023-10-17,227,North,21684,16802.0,14:55:00,14:55:05,14:55:05,0,3184,Seaway Transit Center Bay 2,9.0,0.0
2023-10-17,227,North,21684,16802.0,15:23:00,15:20:24,15:20:46,2,905,I-5 & 4th St Flyer Stop,0.0,5.0
2023-10-17,227,North,21684,16802.0,,15:32:44,15:32:44,3,2460,Smokey Point Blvd & 174th Pl NE,0.0,0.0
2023-10-17,227,North,21684,16802.0,15:38:00,15:33:11,15:33:26,4,953,Smokey Point Blvd & 177th Pl NE,0.0,1.0
2023-10-17,227,North,21684,16802.0,,15:34:11,15:34:11,5,958,Smokey Point Blvd & 183rd Pl NE,0.0,0.0
2023-10-17,227,North,21684,16802.0,,15:34:37,15:34:48,6,2530,Smokey Point Blvd & 186th Pl NE,0.0,2.0
2023-10-17,227,North,21684,16802.0,15:49:00,15:43:36,15:44:29,7,1490,Arlington Park & Ride Bay 1,0.0,1.0
2023-10-17,227,North,21684,16802.0,15:50:00,15:45:16,15:45:16,8,1049,N West Ave & W 5th St,0.0,0.0
2023-10-17,227,North,21685,19105.0,15:55:00,15:55:09,15:55:09,0,3184,Seaway Transit Center Bay 2,3.0,0.0
2023-10-17,227,North,21685,19105.0,16:23:00,16:27:29,16:27:49,2,905,I-5 & 4th St Flyer Stop,0.0,1.0
2023-10-17,227,North,21685,19105.0,,16:38:11,16:38:28,3,2460,Smokey Point Blvd & 174th Pl NE,0.0,1.0
2023-10-17,227,North,21685,19105.0,16:38:00,16:39:08,16:39:08,4,953,Smokey Point Blvd & 177th Pl NE,0.0,0.0
2023-10-17,227,North,21685,19105.0,,16:39:47,16:39:47,5,958,Smokey Point Blvd & 183rd Pl NE,0.0,0.0
2023-10-17,227,North,21685,19105.0,,16:40:06,16:40:06,6,2530,Smokey Point Blvd & 186th Pl NE,0.0,0.0
2023-10-17,227,North,21685,19105.0,16:49:00,16:48:58,16:49:04,7,1490,Arlington Park & Ride Bay 1,0.0,0.0
2023-10-17,227,North,21685,19105.0,16:50:00,16:50:09,16:50:09,8,1049,N West Ave & W 5th St,0.0,1.0
2023-10-17,227,South,21686,15118.0,04:10:00,04:10:13,04:10:13,0,1490,Arlington Park & Ride Bay 1,0.0,0.0
2023-10-17,227,South,21686,15118.0,,04:10:45,04:10:45,1,1049,N West Ave & W 5th St,0.0,0.0
2023-10-17,227,South,21686,15118.0,,04:18:52,04:19:06,2,2482,Smokey Point Blvd & 186th Pl NE,1.0,0.0
2023-10-17,227,South,21686,15118.0,,04:19:36,04:19:36,3,1451,Smokey Point Blvd & 183rd Pl NE,0.0,0.0
2023-10-17,227,South,21686,15118.0,,04:19:51,04:19:51,4,2520,Smokey Point Blvd & 182nd St NE,0.0,0.0
2023-10-17,227,South,21686,15118.0,04:19:00,04:20:20,04:20:37,5,1453,Smokey Point Blvd & 177th Pl NE,3.0,0.0
2023-10-17,227,South,21686,15118.0,,04:21:06,04:21:30,6,1449,Smokey Point Transit Center Bay 3,2.0,0.0
2023-10-17,227,South,21686,15118.0,,04:22:02,04:22:02,7,1594,172nd St NE & Smokey Point Blvd,0.0,0.0
2023-10-17,227,South,21686,15118.0,,04:33:58,04:33:58,8,2490,10th St & Ash Ave,0.0,0.0
2023-10-17,227,South,21686,15118.0,04:32:00,04:34:34,04:35:07,9,2517,Marysville Ash Ave Park & Ride Bay 1,4.0,1.0
2023-10-17,227,South,21686,15118.0,,04:36:26,04:36:33,10,2465,4th St & Beach Ave,0.0,1.0
2023-10-17,227,South,21686,15118.0,,04:37:26,04:37:26,11,1397,I-5 & Marine Dr NE Flyer Stop,0.0,0.0
2023-10-17,227,South,21686,15118.0,04:55:00,04:54:37,04:54:37,13,3199,Seaway Transit Center,0.0,8.0
2023-10-17,227,South,21687,15112.0,04:55:00,04:54:42,04:54:42,0,1490,Arlington Park & Ride Bay 1,1.0,0.0
2023-10-17,227,South,21687,15112.0,,04:55:24,04:55:24,1,1049,N West Ave & W 5th St,0.0,0.0
2023-10-17,227,South,21687,15112.0,,05:03:35,05:03:35,2,2482,Smokey Point Blvd & 186th Pl NE,0.0,0.0
2023-10-17,227,South,21687,15112.0,,05:04:05,05:04:05,3,1451,Smokey Point Blvd & 183rd Pl NE,0.0,0.0
2023-10-17,227,South,21687,15112.0,,05:04:18,05:04:18,4,2520,Smokey Point Blvd & 182nd St NE,0.0,0.0
2023-10-17,227,South,21687,15112.0,05:04:00,05:04:51,05:05:08,5,1453,Smokey Point Blvd & 177th Pl NE,2.0,0.0
2023-10-17,227,South,21687,15112.0,,05:05:36,05:05:36,6,1449,Smokey Point Transit Center Bay 3,0.0,0.0
2023-10-17,227,South,21687,15112.0,,05:06:19,05:06:19,7,1594,172nd St NE & Smokey Point Blvd,0.0,0.0
2023-10-17,227,South,21687,15112.0,,05:17:24,05:17:24,8,2490,10th St & Ash Ave,0.0,0.0
2023-10-17,227,South,21687,15112.0,05:17:00,05:18:06,05:18:06,9,2517,Marysville Ash Ave Park & Ride Bay 1,0.0,0.0
2023-10-17,227,South,21687,15112.0,,05:20:18,05:20:18,10,2465,4th St & Beach Ave,0.0,0.0
2023-10-17,227,South,21687,15112.0,,05:21:06,05:21:06,11,1397,I-5 & Marine Dr NE Flyer Stop,0.0,0.0
2023-10-17,227,South,21687,15112.0,05:39:00,05:37:08,05:37:08,13,3199,Seaway Transit Center,0.0,3.0
2023-10-18,227,North,21684,17802.0,14:55:00,14:55:25,14:55:25,0,3184,Seaway Transit Center Bay 2,9.0,0.0
2023-10-18,227,North,21684,17802.0,15:23:00,15:31:00,15:31:21,2,905,I-5 & 4th St Flyer Stop,0.0,3.0
2023-10-18,227,North,21684,17802.0,,15:42:50,15:42:50,3,2460,Smokey Point Blvd & 174th Pl NE,0.0,0.0
2023-10-18,227,North,21684,17802.0,15:38:00,15:43:17,15:43:38,4,953,Smokey Point Blvd & 177th Pl NE,0.0,1.0
2023-10-18,227,North,21684,17802.0,,15:44:26,15:44:26,5,958,Smokey Point Blvd & 183rd Pl NE,0.0,0.0
2023-10-18,227,North,21684,17802.0,,15:44:52,15:45:04,6,2530,Smokey Point Blvd & 186th Pl NE,0.0,1.0
2023-10-18,227,North,21684,17802.0,15:49:00,15:53:50,15:54:29,7,1490,Arlington Park & Ride Bay 1,0.0,3.0
2023-10-18,227,North,21684,17802.0,15:50:00,15:55:31,15:55:31,8,1049,N West Ave & W 5th St,0.0,1.0
2023-10-18,227,North,21685,15108.0,15:55:00,15:56:03,15:56:03,0,3184,Seaway Transit Center Bay 2,2.0,0.0
2023-10-18,227,North,21685,15108.0,16:23:00,16:23:30,16:23:45,2,905,I-5 & 4th St Flyer Stop,1.0,3.0
2023-10-18,227,North,21685,15108.0,,16:32:33,16:32:47,3,2460,Smokey Point Blvd & 174th Pl NE,0.0,0.0
2023-10-18,227,North,21685,15108.0,16:38:00,16:33:21,16:33:30,4,953,Smokey Point Blvd & 177th Pl NE,0.0,0.0
2023-10-18,227,North,21685,15108.0,,16:34:12,16:34:12,5,958,Smokey Point Blvd & 183rd Pl NE,0.0,0.0
2023-10-18,227,North,21685,15108.0,,16:34:32,16:34:32,6,2530,Smokey Point Blvd & 186th Pl NE,0.0,0.0
2023-10-18,227,North,21685,15108.0,16:49:00,16:42:35,16:42:35,7,1490,Arlington Park & Ride Bay 1,0.0,0.0
2023-10-18,227,North,21685,15108.0,16:50:00,16:43:34,16:43:34,8,1049,N West Ave & W 5th St,0.0,0.0
2023-10-18,227,South,21686,11107.0,04:10:00,04:10:11,04:10:11,0,1490,Arlington Park & Ride Bay 1,1.0,0.0
2023-10-18,227,South,21686,11107.0,,04:10:58,04:10:58,1,1049,N West Ave & W 5th St,3.0,3.0
2023-10-18,227,South,21686,11107.0,,04:19:22,04:19:36,2,2482,Smokey Point Blvd & 186th Pl NE,1.0,0.0
2023-10-18,227,South,21686,11107.0,,04:20:17,04:20:17,3,1451,Smokey Point Blvd & 183rd Pl NE,0.0,0.0
2023-10-18,227,South,21686,11107.0,,04:20:37,04:20:37,4,2520,Smokey Point Blvd & 182nd St NE,0.0,0.0
2023-10-18,227,South,21686,11107.0,04:19:00,04:21:10,04:21:26,5,1453,Smokey Point Blvd & 177th Pl NE,2.0,0.0
2023-10-18,227,South,21686,11107.0,,04:21:58,04:22:20,6,1449,Smokey Point Transit Center Bay 3,1.0,0.0
2023-10-18,227,South,21686,11107.0,,04:22:53,04:22:53,7,1594,172nd St NE & Smokey Point Blvd,0.0,0.0
2023-10-18,227,South,21686,11107.0,,04:34:10,04:34:10,8,2490,10th St & Ash Ave,0.0,0.0
2023-10-18,227,South,21686,11107.0,04:32:00,04:34:53,04:35:32,9,2517,Marysville Ash Ave Park & Ride Bay 1,5.0,1.0
2023-10-18,227,South,21686,11107.0,,04:37:08,04:37:08,10,2465,4th St & Beach Ave,0.0,0.0
2023-10-18,227,South,21686,11107.0,,04:37:46,04:37:46,11,1397,I-5 & Marine Dr NE Flyer Stop,0.0,0.0
2023-10-18,227,South,21686,11107.0,04:55:00,04:54:03,04:54:03,13,3199,Seaway Transit Center,0.0,9.0
2023-10-18,227,South,21687,15101.0,04:55:00,04:55:00,04:55:00,0,1490,Arlington Park & Ride Bay 1,4.0,0.0
2023-10-18,227,South,21687,15101.0,,04:55:45,04:56:00,1,1049,N West Ave & W 5th St,1.0,0.0
2023-10-18,227,South,21687,15101.0,,05:04:45,05:04:45,2,2482,Smokey Point Blvd & 186th Pl NE,0.0,0.0
2023-10-18,227,South,21687,15101.0,,05:05:15,05:05:15,3,1451,Smokey Point Blvd & 183rd Pl NE,0.0,0.0
2023-10-18,227,South,21687,15101.0,,05:05:28,05:05:28,4,2520,Smokey Point Blvd & 182nd St NE,0.0,0.0
2023-10-18,227,South,21687,15101.0,05:04:00,05:06:01,05:06:29,5,1453,Smokey Point Blvd & 177th Pl NE,1.0,0.0
2023-10-18,227,South,21687,15101.0,,05:06:56,05:06:56,6,1449,Smokey Point Transit Center Bay 3,0.0,0.0
2023-10-18,227,South,21687,15101.0,,05:07:47,05:07:47,7,1594,172nd St NE & Smokey Point Blvd,0.0,0.0
2023-10-18,227,South,21687,15101.0,,05:19:52,05:19:52,8,2490,10th St & Ash Ave,0.0,0.0
2023-10-18,227,South,21687,15101.0,05:17:00,05:20:28,05:20:44,9,2517,Marysville Ash Ave Park & Ride Bay 1,0.0,0.0
2023-10-18,227,South,21687,15101.0,,05:21:59,05:21:59,10,2465,4th St & Beach Ave,0.0,0.0
2023-10-18,227,South,21687,15101.0,,05:22:30,05:22:30,11,1397,I-5 & Marine Dr NE Flyer Stop,0.0,0.0
2023-10-18,227,South,21687,15101.0,05:39:00,05:38:53,05:38:53,13,3199,Seaway Transit Center,0.0,6.0
2023-10-19,227,North,21684,17811.0,14:55:00,14:55:13,14:55:13,0,3184,Seaway Transit Center Bay 2,7.0,0.0
2023-10-19,227,North,21684,17811.0,15:23:00,15:22:11,15:22:27,2,905,I-5 & 4th St Flyer Stop,0.0,2.0
2023-10-19,227,North,21684,17811.0,,15:31:19,15:31:19,3,2460,Smokey Point Blvd & 174th Pl NE,0.0,0.0
2023-10-19,227,North,21684,17811.0,15:38:00,15:31:49,15:32:00,4,953,Smokey Point Blvd & 177th Pl NE,0.0,1.0
2023-10-19,227,North,21684,17811.0,,15:32:48,15:32:48,5,958,Smokey Point Blvd & 183rd Pl NE,0.0,0.0
2023-10-19,227,North,21684,17811.0,,15:33:15,15:33:24,6,2530,Smokey Point Blvd & 186th Pl NE,0.0,1.0
2023-10-19,227,North,21684,17811.0,15:49:00,15:43:02,15:43:18,7,1490,Arlington Park & Ride Bay 1,0.0,2.0
2023-10-19,227,North,21684,17811.0,15:50:00,15:44:04,15:44:04,8,1049,N West Ave & W 5th St,0.0,1.0
2023-10-19,227,North,21685,19120.0,15:55:00,15:55:02,15:55:02,0,3184,Seaway Transit Center Bay 2,1.0,0.0
2023-10-19,227,North,21685,19120.0,16:23:00,16:26:16,16:26:16,2,905,I-5 & 4th St Flyer Stop,0.0,0.0
2023-10-19,227,North,21685,19120.0,,16:36:19,16:36:32,3,2460,Smokey Point Blvd & 174th Pl NE,0.0,1.0
2023-10-19,227,North,21685,19120.0,16:38:00,16:37:04,16:37:04,4,953,Smokey Point Blvd & 177th Pl NE,0.0,0.0
2023-10-19,227,North,21685,19120.0,,16:37:51,16:37:51,5,958,Smokey Point Blvd & 183rd Pl NE,0.0,0.0
2023-10-19,227,North,21685,19120.0,,16:38:12,16:38:12,6,2530,Smokey Point Blvd & 186th Pl NE,0.0,0.0
2023-10-19,227,North,21685,19120.0,16:49:00,16:48:52,16:48:52,7,1490,Arlington Park & Ride Bay 1,0.0,0.0
2023-10-19,227,North,21685,19120.0,16:50:00,16:49:27,16:49:27,8,1049,N West Ave & W 5th St,0.0,0.0
2023-10-19,227,South,21686,15107.0,04:10:00,04:10:03,04:10:03,0,1490,Arlington Park & Ride Bay 1,0.0,0.0
2023-10-19,227,South,21686,15107.0,,04:10:49,04:10:49,1,1049,N West Ave & W 5th St,0.0,0.0
2023-10-19,227,South,21686,15107.0,,04:19:47,04:20:00,2,2482,Smokey Point Blvd & 186th Pl NE,1.0,0.0
2023-10-19,227,South,21686,15107.0,,04:20:46,04:20:46,3,1451,Smokey Point Blvd & 183rd Pl NE,0.0,0.0
2023-10-19,227,South,21686,15107.0,,04:21:12,04:21:12,4,2520,Smokey Point Blvd & 182nd St NE,0.0,0.0
2023-10-19,227,South,21686,15107.0,04:19:00,04:21:45,04:21:58,5,1453,Smokey Point Blvd & 177th Pl NE,2.0,0.0
2023-10-19,227,South,21686,15107.0,,04:22:30,04:22:48,6,1449,Smokey Point Transit Center Bay 3,1.0,0.0
2023-10-19,227,South,21686,15107.0,,04:23:23,04:23:23,7,1594,172nd St NE & Smokey Point Blvd,0.0,0.0
2023-10-19,227,South,21686,15107.0,,04:34:49,04:34:49,8,2490,10th St & Ash Ave,0.0,0.0
2023-10-19,227,South,21686,15107.0,04:32:00,04:35:29,04:35:50,9,2517,Marysville Ash Ave Park & Ride Bay 1,3.0,2.0
2023-10-19,227,South,21686,15107.0,,04:37:41,04:37:41,10,2465,4th St & Beach Ave,0.0,0.0
2023-10-19,227,South,21686,15107.0,,04:39:36,04:39:36,11,1397,I-5 & Marine Dr NE Flyer Stop,0.0,0.0
2023-10-19,227,South,21686,15107.0,04:55:00,04:55:59,04:55:59,13,3199,Seaway Transit Center,0.0,5.0
2023-10-19,227,South,21687,17112.0,04:55:00,04:55:10,04:55:10,0,1490,Arlington Park & Ride Bay 1,0.0,0.0
2023-10-19,227,South,21687,17112.0,,04:55:49,04:55:49,1,1049,N West Ave & W 5th St,0.0,0.0
2023-10-19,227,South,21687,17112.0,,05:03:49,05:03:49,2,2482,Smokey Point Blvd & 186th Pl NE,0.0,0.0
2023-10-19,227,South,21687,17112.0,,05:04:11,05:04:11,3,1451,Smokey Point Blvd & 183rd Pl NE,0.0,0.0
2023-10-19,227,South,21687,17112.0,,05:04:24,05:04:24,4,2520,Smokey Point Blvd & 182nd St NE,0.0,0.0
2023-10-19,227,South,21687,17112.0,05:04:00,05:04:57,05:05:14,5,1453,Smokey Point Blvd & 177th Pl NE,0.0,0.0
2023-10-19,227,South,21687,17112.0,,05:05:41,05:05:41,6,1449,Smokey Point Transit Center Bay 3,0.0,0.0
2023-10-19,227,South,21687,17112.0,,05:06:23,05:06:23,7,1594,172nd St NE & Smokey Point Blvd,0.0,0.0
2023-10-19,227,South,21687,17112.0,,05:18:42,05:18:42,8,2490,10th St & Ash Ave,0.0,0.0
2023-10-19,227,South,21687,17112.0,05:17:00,05:19:19,05:19:38,9,2517,Marysville Ash Ave Park & Ride Bay 1,0.0,0.0
2023-10-19,227,South,21687,17112.0,,05:21:02,05:21:02,10,2465,4th St & Beach Ave,0.0,0.0
2023-10-19,227,South,21687,17112.0,,05:22:05,05:22:05,11,1397,I-5 & Marine Dr NE Flyer Stop,0.0,0.0
2023-10-19,227,South,21687,17112.0,05:39:00,05:38:45,05:38:45,13,3199,Seaway Transit Center,0.0,0.0
2023-10-20,227,North,21684,19804.0,14:55:00,14:55:04,14:55:04,0,3184,Seaway Transit Center Bay 2,6.0,0.0
2023-10-20,227,North,21684,19804.0,15:23:00,15:29:25,15:29:40,2,905,I-5 & 4th St Flyer Stop,0.0,2.0
2023-10-20,227,North,21684,19804.0,,15:39:40,15:39:40,3,2460,Smokey Point Blvd & 174th Pl NE,0.0,0.0
2023-10-20,227,North,21684,19804.0,15:38:00,15:40:07,15:40:20,4,953,Smokey Point Blvd & 177th Pl NE,0.0,2.0
2023-10-20,227,North,21684,19804.0,,15:41:04,15:41:04,5,958,Smokey Point Blvd & 183rd Pl NE,0.0,0.0
2023-10-20,227,North,21684,19804.0,,15:41:30,15:41:40,6,2530,Smokey Point Blvd & 186th Pl NE,0.0,1.0
2023-10-20,227,North,21684,19804.0,15:49:00,15:51:43,15:53:56,7,1490,Arlington Park & Ride Bay 1,0.0,1.0
2023-10-20,227,North,21684,19804.0,15:50:00,15:54:38,15:54:38,8,1049,N West Ave & W 5th St,0.0,0.0
2023-10-20,227,North,21685,15100.0,15:55:00,15:55:07,15:55:07,0,3184,Seaway Transit Center Bay 2,0.0,0.0
2023-10-20,227,North,21685,15100.0,16:23:00,16:32:53,16:32:53,2,905,I-5 & 4th St Flyer Stop,0.0,0.0
2023-10-20,227,North,21685,15100.0,,16:42:43,16:42:43,3,2460,Smokey Point Blvd & 174th Pl NE,0.0,0.0
2023-10-20,227,North,21685,15100.0,16:38:00,16:43:06,16:43:06,4,953,Smokey Point Blvd & 177th Pl NE,0.0,0.0
2023-10-20,227,North,21685,15100.0,,16:43:45,16:43:45,5,958,Smokey Point Blvd & 183rd Pl NE,0.0,0.0
2023-10-20,227,North,21685,15100.0,,16:44:05,16:44:05,6,2530,Smokey Point Blvd & 186th Pl NE,0.0,0.0
2023-10-20,227,North,21685,15100.0,16:49:00,16:52:31,16:52:31,7,1490,Arlington Park & Ride Bay 1,0.0,0.0
2023-10-20,227,North,21685,15100.0,16:50:00,16:52:55,16:52:55,8,1049,N West Ave & W 5th St,0.0,0.0
2023-10-20,227,South,21686,15109.0,04:10:00,04:10:12,04:10:12,0,1490,Arlington Park & Ride Bay 1,0.0,0.0
2023-10-20,227,South,21686,15109.0,,04:10:45,04:10:45,1,1049,N West Ave & W 5th St,0.0,0.0
2023-10-20,227,South,21686,15109.0,,04:18:31,04:18:44,2,2482,Smokey Point Blvd & 186th Pl NE,1.0,0.0
2023-10-20,227,South,21686,15109.0,,04:19:12,04:19:12,3,1451,Smokey Point Blvd & 183rd Pl NE,0.0,0.0
2023-10-20,227,South,21686,15109.0,,04:19:27,04:19:27,4,2520,Smokey Point Blvd & 182nd St NE,0.0,0.0
2023-10-20,227,South,21686,15109.0,04:19:00,04:19:54,04:19:54,5,1453,Smokey Point Blvd & 177th Pl NE,0.0,0.0
2023-10-20,227,South,21686,15109.0,,04:20:17,04:20:51,6,1449,Smokey Point Transit Center Bay 3,3.0,1.0
2023-10-20,227,South,21686,15109.0,,04:21:44,04:21:44,7,1594,172nd St NE & Smokey Point Blvd,0.0,0.0
2023-10-20,227,South,21686,15109.0,,04:31:58,04:31:58,8,2490,10th St & Ash Ave,0.0,0.0
2023-10-20,227,South,21686,15109.0,04:32:00,04:32:36,04:33:08,9,2517,Marysville Ash Ave Park & Ride Bay 1,3.0,0.0
2023-10-20,227,South,21686,15109.0,,04:34:32,04:34:32,10,2465,4th St & Beach Ave,0.0,0.0
2023-10-20,227,South,21686,15109.0,,04:35:37,04:35:37,11,1397,I-5 & Marine Dr NE Flyer Stop,0.0,0.0
2023-10-20,227,South,21686,15109.0,04:55:00,04:51:34,04:51:34,13,3199,Seaway Transit Center,0.0,6.0
2023-10-20,227,South,21687,17104.0,04:55:00,04:55:10,04:55:10,0,1490,Arlington Park & Ride Bay 1,1.0,0.0
2023-10-20,227,South,21687,17104.0,,04:55:52,04:55:52,1,1049,N West Ave & W 5th St,0.0,0.0
2023-10-20,227,South,21687,17104.0,,05:04:30,05:04:30,2,2482,Smokey Point Blvd & 186th Pl NE,0.0,0.0
2023-10-20,227,South,21687,17104.0,,05:04:53,05:04:53,3,1451,Smokey Point Blvd & 183rd Pl NE,0.0,0.0
2023-10-20,227,South,21687,17104.0,,05:05:05,05:05:05,4,2520,Smokey Point Blvd & 182nd St NE,0.0,0.0
2023-10-20,227,South,21687,17104.0,05:04:00,05:05:39,05:05:58,5,1453,Smokey Point Blvd & 177th Pl NE,2.0,0.0
2023-10-20,227,South,21687,17104.0,,05:06:25,05:06:25,6,1449,Smokey Point Transit Center Bay 3,0.0,0.0
2023-10-20,227,South,21687,17104.0,,05:07:03,05:07:19,7,1594,172nd St NE & Smokey Point Blvd,1.0,0.0
2023-10-20,227,South,21687,17104.0,,05:18:04,05:18:04,8,2490,10th St & Ash Ave,0.0,0.0
2023-10-20,227,South,21687,17104.0,05:17:00,05:18:41,05:18:41,9,2517,Marysville Ash Ave Park & Ride Bay 1,0.0,0.0
2023-10-20,227,South,21687,17104.0,,05:20:43,05:20:43,10,2465,4th St & Beach Ave,0.0,0.0
2023-10-20,227,South,21687,17104.0,,05:22:04,05:22:13,11,1397,I-5 & Marine Dr NE Flyer Stop,0.0,1.0
2023-10-20,227,South,21687,17104.0,05:39:00,05:37:12,05:37:12,13,3199,Seaway Transit Center,0.0,3.0
2023-10-23,227,North,21684,19803.0,14:55:00,14:55:04,14:55:04,0,3184,Seaway Transit Center Bay 2,6.0,0.0
2023-10-23,227,North,21684,19803.0,15:23:00,15:17:21,15:17:43,2,905,I-5 & 4th St Flyer Stop,1.0,3.0
2023-10-23,227,North,21684,19803.0,,15:26:49,15:26:49,3,2460,Smokey Point Blvd & 174th Pl NE,0.0,2.0
2023-10-23,227,North,21684,19803.0,15:38:00,15:27:15,15:27:15,4,953,Smokey Point Blvd & 177th Pl NE,0.0,0.0
2023-10-23,227,North,21684,19803.0,,15:27:49,15:27:49,5,958,Smokey Point Blvd & 183rd Pl NE,0.0,0.0
2023-10-23,227,North,21684,19803.0,,15:28:10,15:28:10,6,2530,Smokey Point Blvd & 186th Pl NE,0.0,0.0
2023-10-23,227,North,21684,19803.0,15:49:00,15:36:50,15:37:51,7,1490,Arlington Park & Ride Bay 1,0.0,2.0
2023-10-23,227,North,21684,19803.0,15:50:00,15:38:41,15:38:41,8,1049,N West Ave & W 5th St,0.0,0.0
2023-10-23,227,North,21685,19109.0,15:55:00,15:55:02,15:55:02,0,3184,Seaway Transit Center Bay 2,3.0,0.0
2023-10-23,227,North,21685,19109.0,16:23:00,16:19:00,16:19:22,2,905,I-5 & 4th St Flyer Stop,0.0,1.0
2023-10-23,227,North,21685,19109.0,,16:31:20,16:31:37,3,2460,Smokey Point Blvd & 174th Pl NE,0.0,1.0
2023-10-23,227,North,21685,19109.0,16:38:00,16:32:17,16:32:17,4,953,Smokey Point Blvd & 177th Pl NE,0.0,0.0
2023-10-23,227,North,21685,19109.0,,16:32:56,16:32:56,5,958,Smokey Point Blvd & 183rd Pl NE,0.0,0.0
2023-10-23,227,North,21685,19109.0,,16:33:16,16:33:16,6,2530,Smokey Point Blvd & 186th Pl NE,0.0,0.0
2023-10-23,227,North,21685,19109.0,16:49:00,16:42:09,16:42:17,7,1490,Arlington Park & Ride Bay 1,0.0,1.0
2023-10-23,227,North,21685,19109.0,16:50:00,,,8,1049,N West Ave & W 5th St,,
2023-10-23,227,South,21686,15100.0,04:10:00,04:10:01,04:10:01,0,1490,Arlington Park & Ride Bay 1,0.0,0.0
2023-10-23,227,South,21686,15100.0,,04:10:34,04:10:34,1,1049,N West Ave & W 5th St,0.0,0.0
2023-10-23,227,South,21686,15100.0,,04:18:03,04:18:03,2,2482,Smokey Point Blvd & 186th Pl NE,0.0,0.0
2023-10-23,227,South,21686,15100.0,,04:18:25,04:18:25,3,1451,Smokey Point Blvd & 183rd Pl NE,0.0,0.0
2023-10-23,227,South,21686,15100.0,,04:18:36,04:18:36,4,2520,Smokey Point Blvd & 182nd St NE,0.0,0.0
2023-10-23,227,South,21686,15100.0,04:19:00,04:19:15,04:19:15,5,1453,Smokey Point Blvd & 177th Pl NE,0.0,0.0
2023-10-23,227,South,21686,15100.0,,04:19:39,04:19:59,6,1449,Smokey Point Transit Center Bay 3,0.0,0.0
2023-10-23,227,South,21686,15100.0,,04:20:38,04:21:14,7,1594,172nd St NE & Smokey Point Blvd,2.0,0.0
2023-10-23,227,South,21686,15100.0,,04:31:56,04:31:56,8,2490,10th St & Ash Ave,0.0,0.0
2023-10-23,227,South,21686,15100.0,04:32:00,04:32:29,04:33:09,9,2517,Marysville Ash Ave Park & Ride Bay 1,6.0,0.0
2023-10-23,227,South,21686,15100.0,,04:34:46,04:34:46,10,2465,4th St & Beach Ave,0.0,0.0
2023-10-23,227,South,21686,15100.0,,04:35:14,04:35:14,11,1397,I-5 & Marine Dr NE Flyer Stop,0.0,0.0
2023-10-23,227,South,21686,15100.0,04:55:00,04:52:02,04:52:02,13,3199,Seaway Transit Center,0.0,8.0
2023-10-23,227,South,21687,17121.0,04:55:00,04:55:09,04:55:09,0,1490,Arlington Park & Ride Bay 1,2.0,0.0
2023-10-23,227,South,21687,17121.0,,04:55:51,04:55:51,1,1049,N West Ave & W 5th St,0.0,0.0
2023-10-23,227,South,21687,17121.0,,05:04:33,05:04:33,2,2482,Smokey Point Blvd & 186th Pl NE,0.0,0.0
2023-10-23,227,South,21687,17121.0,,05:04:58,05:04:58,3,1451,Smokey Point Blvd & 183rd Pl NE,0.0,0.0
2023-10-23,227,South,21687,17121.0,,05:05:10,05:05:10,4,2520,Smokey Point Blvd & 182nd St NE,0.0,0.0
2023-10-23,227,South,21687,17121.0,05:04:00,05:05:37,05:05:37,5,1453,Smokey Point Blvd & 177th Pl NE,0.0,0.0
2023-10-23,227,South,21687,17121.0,,05:05:57,05:05:57,6,1449,Smokey Point Transit Center Bay 3,0.0,0.0
2023-10-23,227,South,21687,17121.0,,05:06:52,05:06:52,7,1594,172nd St NE & Smokey Point Blvd,0.0,0.0
2023-10-23,227,South,21687,17121.0,,05:19:57,05:19:57,8,2490,10th St & Ash Ave,0.0,0.0
2023-10-23,227,South,21687,17121.0,05:17:00,05:20:32,05:20:32,9,2517,Marysville Ash Ave Park & Ride Bay 1,0.0,0.0
2023-10-23,227,South,21687,17121.0,,05:22:14,05:22:14,10,2465,4th St & Beach Ave,0.0,0.0
2023-10-23,227,South,21687,17121.0,,05:23:06,05:23:06,11,1397,I-5 & Marine Dr NE Flyer Stop,0.0,0.0
2023-10-23,227,South,21687,17121.0,05:39:00,05:37:31,05:37:31,13,3199,Seaway Transit Center,0.0,2.0
2023-10-24,227,North,21684,16805.0,14:55:00,14:56:53,14:56:53,0,3184,Seaway Transit Center Bay 2,7.0,0.0
2023-10-24,227,North,21684,16805.0,15:23:00,15:30:20,15:30:20,2,905,I-5 & 4th St Flyer Stop,0.0,4.0
2023-10-24,227,North,21684,16805.0,,15:41:03,15:41:03,3,2460,Smokey Point Blvd & 174th Pl NE,0.0,0.0
2023-10-24,227,North,21684,16805.0,15:38:00,15:41:30,15:41:51,4,953,Smokey Point Blvd & 177th Pl NE,0.0,1.0
2023-10-24,227,North,21684,16805.0,,15:42:37,15:42:37,5,958,Smokey Point Blvd & 183rd Pl NE,0.0,0.0
2023-10-24,227,North,21684,16805.0,,15:42:59,15:42:59,6,2530,Smokey Point Blvd & 186th Pl NE,0.0,0.0
2023-10-24,227,North,21684,16805.0,15:49:00,15:52:40,15:52:40,7,1490,Arlington Park & Ride Bay 1,0.0,0.0
2023-10-24,227,North,21684,16805.0,15:50:00,15:52:59,15:52:59,8,1049,N West Ave & W 5th St,0.0,2.0
2023-10-24,227,North,21685,17109.0,15:55:00,15:54:56,15:54:56,0,3184,Seaway Transit Center Bay 2,2.0,0.0
2023-10-24,227,North,21685,17109.0,16:23:00,16:30:07,16:30:22,2,905,I-5 & 4th St Flyer Stop,0.0,2.0
2023-10-24,227,North,21685,17109.0,,16:42:47,16:43:03,3,2460,Smokey Point Blvd & 174th Pl NE,0.0,0.0
2023-10-24,227,North,21685,17109.0,16:38:00,16:43:36,16:43:36,4,953,Smokey Point Blvd & 177th Pl NE,0.0,0.0
2023-10-24,227,North,21685,17109.0,,16:44:20,16:44:20,5,958,Smokey Point Blvd & 183rd Pl NE,0.0,0.0
2023-10-24,227,North,21685,17109.0,,16:44:43,16:44:43,6,2530,Smokey Point Blvd & 186th Pl NE,0.0,0.0
2023-10-24,227,North,21685,17109.0,16:49:00,16:54:53,16:54:53,7,1490,Arlington Park & Ride Bay 1,0.0,0.0
2023-10-24,227,North,21685,17109.0,16:50:00,16:55:34,16:55:34,8,1049,N West Ave & W 5th St,0.0,0.0
2023-10-24,227,South,21686,17108.0,04:10:00,04:11:05,04:11:05,0,1490,Arlington Park & Ride Bay 1,0.0,0.0
2023-10-24,227,South,21686,17108.0,,04:11:46,04:11:46,1,1049,N West Ave & W 5th St,0.0,0.0
2023-10-24,227,South,21686,17108.0,,04:20:17,04:20:17,2,2482,Smokey Point Blvd & 186th Pl NE,0.0,0.0
2023-10-24,227,South,21686,17108.0,,04:20:50,04:20:50,3,1451,Smokey Point Blvd & 183rd Pl NE,0.0,0.0
2023-10-24,227,South,21686,17108.0,,04:21:05,04:21:05,4,2520,Smokey Point Blvd & 182nd St NE,0.0,0.0
2023-10-24,227,South,21686,17108.0,04:19:00,04:21:34,04:21:34,5,1453,Smokey Point Blvd & 177th Pl NE,0.0,0.0
2023-10-24,227,South,21686,17108.0,,04:22:02,04:22:27,6,1449,Smokey Point Transit Center Bay 3,2.0,0.0
2023-10-24,227,South,21686,17108.0,,04:23:06,04:23:06,7,1594,172nd St NE & Smokey Point Blvd,0.0,0.0
2023-10-24,227,South,21686,17108.0,,04:34:44,04:34:44,8,2490,10th St & Ash Ave,0.0,0.0
2023-10-24,227,South,21686,17108.0,04:32:00,04:35:29,04:36:06,9,2517,Marysville Ash Ave Park & Ride Bay 1,4.0,0.0
2023-10-24,227,South,21686,17108.0,,04:37:44,04:37:54,10,2465,4th St & Beach Ave,0.0,1.0
2023-10-24,227,South,21686,17108.0,,04:39:00,04:39:00,11,1397,I-5 & Marine Dr NE Flyer Stop,0.0,0.0
2023-10-24,227,South,21686,17108.0,04:55:00,04:54:00,04:54:00,13,3199,Seaway Transit Center,0.0,5.0
2023-10-24,227,South,21687,15104.0,04:55:00,04:54:32,04:54:32,0,1490,Arlington Park & Ride Bay 1,3.0,0.0
2023-10-24,227,South,21687,15104.0,,04:55:19,04:55:37,1,1049,N West Ave & W 5th St,1.0,0.0
2023-10-24,227,South,21687,15104.0,,05:04:16,05:04:16,2,2482,Smokey Point Blvd & 186th Pl NE,0.0,0.0
2023-10-24,227,South,21687,15104.0,,05:04:45,05:04:45,3,1451,Smokey Point Blvd & 183rd Pl NE,0.0,0.0
2023-10-24,227,South,21687,15104.0,,05:04:58,05:04:58,4,2520,Smokey Point Blvd & 182nd St NE,0.0,0.0
2023-10-24,227,South,21687,15104.0,05:04:00,05:05:31,05:05:52,5,1453,Smokey Point Blvd & 177th Pl NE,2.0,0.0
2023-10-24,227,South,21687,15104.0,,05:06:22,05:06:37,6,1449,Smokey Point Transit Center Bay 3,0.0,1.0
2023-10-24,227,South,21687,15104.0,,05:07:20,05:07:20,7,1594,172nd St NE & Smokey Point Blvd,0.0,0.0
2023-10-24,227,South,21687,15104.0,,05:18:55,05:18:55,8,2490,10th St & Ash Ave,0.0,0.0
2023-10-24,227,South,21687,15104.0,05:17:00,05:19:28,05:19:28,9,2517,Marysville Ash Ave Park & Ride Bay 1,0.0,0.0
2023-10-24,227,South,21687,15104.0,,05:21:28,05:21:28,10,2465,4th St & Beach Ave,0.0,0.0
2023-10-24,227,South,21687,15104.0,,05:22:26,05:22:26,11,1397,I-5 & Marine Dr NE Flyer Stop,0.0,0.0
2023-10-24,227,South,21687,15104.0,05:39:00,05:37:05,05:37:05,13,3199,Seaway Transit Center,0.0,5.0
2023-10-25,227,North,21684,16804.0,14:55:00,14:55:04,14:55:04,0,3184,Seaway Transit Center Bay 2,9.0,0.0
2023-10-25,227,North,21684,16804.0,15:23:00,15:23:03,15:23:24,2,905,I-5 & 4th St Flyer Stop,0.0,5.0
2023-10-25,227,North,21684,16804.0,,15:33:50,15:33:50,3,2460,Smokey Point Blvd & 174th Pl NE,0.0,0.0
2023-10-25,227,North,21684,16804.0,15:38:00,15:34:31,15:34:31,4,953,Smokey Point Blvd & 177th Pl NE,0.0,0.0
2023-10-25,227,North,21684,16804.0,,15:36:26,15:36:26,5,958,Smokey Point Blvd & 183rd Pl NE,0.0,0.0
2023-10-25,227,North,21684,16804.0,,15:36:48,15:36:48,6,2530,Smokey Point Blvd & 186th Pl NE,0.0,0.0
2023-10-25,227,North,21684,16804.0,15:49:00,15:45:14,15:46:12,7,1490,Arlington Park & Ride Bay 1,0.0,4.0
2023-10-25,227,North,21684,16804.0,15:50:00,15:47:19,15:47:19,8,1049,N West Ave & W 5th St,0.0,0.0
2023-10-25,227,North,21685,17117.0,15:55:00,15:55:33,15:55:33,0,3184,Seaway Transit Center Bay 2,2.0,0.0
2023-10-25,227,North,21685,17117.0,16:23:00,16:26:53,16:27:13,2,905,I-5 & 4th St Flyer Stop,0.0,2.0
2023-10-25,227,North,21685,17117.0,,16:38:32,16:38:32,3,2460,Smokey Point Blvd & 174th Pl NE,0.0,0.0
2023-10-25,227,North,21685,17117.0,16:38:00,16:39:01,16:39:01,4,953,Smokey Point Blvd & 177th Pl NE,0.0,0.0
2023-10-25,227,North,21685,17117.0,,16:40:30,16:40:30,5,958,Smokey Point Blvd & 183rd Pl NE,0.0,0.0
2023-10-25,227,North,21685,17117.0,,16:41:57,16:41:57,6,2530,Smokey Point Blvd & 186th Pl NE,0.0,0.0
2023-10-25,227,North,21685,17117.0,16:49:00,16:52:29,16:52:29,7,1490,Arlington Park & Ride Bay 1,0.0,0.0
2023-10-25,227,North,21685,17117.0,16:50:00,16:55:10,16:55:10,8,1049,N West Ave & W 5th St,0.0,0.0
2023-10-25,227,South,21686,15117.0,04:10:00,04:09:58,04:09:58,0,1490,Arlington Park & Ride Bay 1,3.0,0.0
2023-10-25,227,South,21686,15117.0,,04:10:33,04:10:33,1,1049,N West Ave & W 5th St,0.0,0.0
2023-10-25,227,South,21686,15117.0,,04:18:44,04:18:44,2,2482,Smokey Point Blvd & 186th Pl NE,0.0,0.0
2023-10-25,227,South,21686,15117.0,,04:19:10,04:19:10,3,1451,Smokey Point Blvd & 183rd Pl NE,0.0,0.0
2023-10-25,227,South,21686,15117.0,,04:19:22,04:19:22,4,2520,Smokey Point Blvd & 182nd St NE,0.0,0.0
2023-10-25,227,South,21686,15117.0,04:19:00,04:19:51,04:19:51,5,1453,Smokey Point Blvd & 177th Pl NE,0.0,0.0
2023-10-25,227,South,21686,15117.0,,04:20:16,04:20:35,6,1449,Smokey Point Transit Center Bay 3,1.0,0.0
2023-10-25,227,South,21686,15117.0,,04:21:23,04:21:23,7,1594,172nd St NE & Smokey Point Blvd,0.0,0.0
2023-10-25,227,South,21686,15117.0,,04:32:48,04:32:48,8,2490,10th St & Ash Ave,0.0,0.0
2023-10-25,227,South,21686,15117.0,04:32:00,04:33:17,04:33:48,9,2517,Marysville Ash Ave Park & Ride Bay 1,5.0,2.0
2023-10-25,227,South,21686,15117.0,,04:35:04,04:35:04,10,2465,4th St & Beach Ave,0.0,0.0
2023-10-25,227,South,21686,15117.0,,04:36:12,04:36:27,11,1397,I-5 & Marine Dr NE Flyer Stop,1.0,0.0
2023-10-25,227,South,21686,15117.0,04:55:00,04:53:24,04:53:24,13,3199,Seaway Transit Center,0.0,8.0
2023-10-25,227,South,21687,15107.0,04:55:00,04:54:58,04:54:58,0,1490,Arlington Park & Ride Bay 1,0.0,0.0
2023-10-25,227,South,21687,15107.0,,04:55:40,04:55:40,1,1049,N West Ave & W 5th St,0.0,0.0
2023-10-25,227,South,21687,15107.0,,05:04:16,05:04:16,2,2482,Smokey Point Blvd & 186th Pl NE,0.0,0.0
2023-10-25,227,South,21687,15107.0,,05:04:43,05:04:43,3,1451,Smokey Point Blvd & 183rd Pl NE,0.0,0.0
2023-10-25,227,South,21687,15107.0,,05:04:57,05:04:57,4,2520,Smokey Point Blvd & 182nd St NE,0.0,0.0
2023-10-25,227,South,21687,15107.0,05:04:00,05:05:31,05:05:57,5,1453,Smokey Point Blvd & 177th Pl NE,0.0,0.0
2023-10-25,227,South,21687,15107.0,,05:06:24,05:06:24,6,1449,Smokey Point Transit Center Bay 3,0.0,0.0
2023-10-25,227,South,21687,15107.0,,05:06:53,05:06:53,7,1594,172nd St NE & Smokey Point Blvd,0.0,0.0
2023-10-25,227,South,21687,15107.0,,05:17:56,05:17:56,8,2490,10th St & Ash Ave,0.0,0.0
2023-10-25,227,South,21687,15107.0,05:17:00,05:18:35,05:18:35,9,2517,Marysville Ash Ave Park & Ride Bay 1,0.0,0.0
2023-10-25,227,South,21687,15107.0,,05:20:21,05:20:21,10,2465,4th St & Beach Ave,0.0,0.0
2023-10-25,227,South,21687,15107.0,,05:21:49,05:21:49,11,1397,I-5 & Marine Dr NE Flyer Stop,0.0,0.0
2023-10-25,227,South,21687,15107.0,05:39:00,05:36:27,05:36:27,13,3199,Seaway Transit Center,0.0,0.0
2023-10-26,227,North,21684,16804.0,14:55:00,14:55:05,14:55:05,0,3184,Seaway Transit Center Bay 2,9.0,0.0
2023-10-26,227,North,21684,16804.0,15:23:00,15:29:08,15:29:28,2,905,I-5 & 4th St Flyer Stop,0.0,5.0
2023-10-26,227,North,21684,16804.0,,15:41:10,15:41:10,3,2460,Smokey Point Blvd & 174th Pl NE,0.0,0.0
2023-10-26,227,North,21684,16804.0,15:38:00,15:41:35,15:41:58,4,953,Smokey Point Blvd & 177th Pl NE,0.0,2.0
2023-10-26,227,North,21684,16804.0,,15:42:50,15:42:50,5,958,Smokey Point Blvd & 183rd Pl NE,0.0,0.0
2023-10-26,227,North,21684,16804.0,,15:43:13,15:43:13,6,2530,Smokey Point Blvd & 186th Pl NE,0.0,0.0
2023-10-26,227,North,21684,16804.0,15:49:00,15:51:34,15:52:29,7,1490,Arlington Park & Ride Bay 1,0.0,2.0
2023-10-26,227,North,21684,16804.0,15:50:00,15:53:12,15:53:12,8,1049,N West Ave & W 5th St,0.0,0.0
2023-10-26,227,North,21685,19119.0,15:55:00,15:56:38,15:56:38,0,3184,Seaway Transit Center Bay 2,3.0,0.0
2023-10-26,227,North,21685,19119.0,16:23:00,16:29:21,16:29:40,2,905,I-5 & 4th St Flyer Stop,0.0,2.0
2023-10-26,227,North,21685,19119.0,,16:39:37,16:39:52,3,2460,Smokey Point Blvd & 174th Pl NE,0.0,1.0
2023-10-26,227,North,21685,19119.0,16:38:00,16:40:24,16:40:24,4,953,Smokey Point Blvd & 177th Pl NE,0.0,0.0
2023-10-26,227,North,21685,19119.0,,16:41:18,16:41:18,5,958,Smokey Point Blvd & 183rd Pl NE,0.0,0.0
2023-10-26,227,North,21685,19119.0,,16:41:44,16:41:44,6,2530,Smokey Point Blvd & 186th Pl NE,0.0,0.0
2023-10-26,227,North,21685,19119.0,16:49:00,16:50:42,16:50:42,7,1490,Arlington Park & Ride Bay 1,0.0,0.0
2023-10-26,227,North,21685,19119.0,16:50:00,16:51:18,16:51:18,8,1049,N West Ave & W 5th St,0.0,0.0
2023-10-26,227,South,21686,15103.0,04:10:00,04:10:02,04:10:02,0,1490,Arlington Park & Ride Bay 1,1.0,0.0
2023-10-26,227,South,21686,15103.0,,04:10:35,04:10:35,1,1049,N West Ave & W 5th St,0.0,0.0
2023-10-26,227,South,21686,15103.0,,04:18:29,04:18:29,2,2482,Smokey Point Blvd & 186th Pl NE,0.0,0.0
2023-10-26,227,South,21686,15103.0,,04:18:53,04:18:53,3,1451,Smokey Point Blvd & 183rd Pl NE,0.0,0.0
2023-10-26,227,South,21686,15103.0,,04:19:05,04:19:05,4,2520,Smokey Point Blvd & 182nd St NE,0.0,0.0
2023-10-26,227,South,21686,15103.0,04:19:00,04:19:30,04:19:30,5,1453,Smokey Point Blvd & 177th Pl NE,0.0,0.0
2023-10-26,227,South,21686,15103.0,,04:19:55,04:20:13,6,1449,Smokey Point Transit Center Bay 3,1.0,0.0
2023-10-26,227,South,21686,15103.0,,04:20:45,04:20:45,7,1594,172nd St NE & Smokey Point Blvd,0.0,0.0
2023-10-26,227,South,21686,15103.0,,04:32:50,04:32:50,8,2490,10th St & Ash Ave,0.0,0.0
2023-10-26,227,South,21686,15103.0,04:32:00,04:33:26,04:33:55,9,2517,Marysville Ash Ave Park & Ride Bay 1,5.0,1.0
2023-10-26,227,South,21686,15103.0,,04:35:52,04:35:52,10,2465,4th St & Beach Ave,0.0,0.0
2023-10-26,227,South,21686,15103.0,,04:37:00,04:37:00,11,1397,I-5 & Marine Dr NE Flyer Stop,0.0,0.0
2023-10-26,227,South,21686,15103.0,04:55:00,04:52:53,04:52:53,13,3199,Seaway Transit Center,0.0,6.0
2023-10-26,227,South,21687,17114.0,04:55:00,04:55:27,04:55:27,0,1490,Arlington Park & Ride Bay 1,2.0,0.0
2023-10-26,227,South,21687,17114.0,,04:56:02,04:56:02,1,1049,N West Ave & W 5th St,0.0,0.0
2023-10-26,227,South,21687,17114.0,,05:04:04,05:04:04,2,2482,Smokey Point Blvd & 186th Pl NE,0.0,0.0
2023-10-26,227,South,21687,17114.0,,05:04:26,05:04:26,3,1451,Smokey Point Blvd & 183rd Pl NE,0.0,0.0
2023-10-26,227,South,21687,17114.0,,05:04:39,05:04:39,4,2520,Smokey Point Blvd & 182nd St NE,0.0,0.0
2023-10-26,227,South,21687,17114.0,05:04:00,05:05:14,05:05:36,5,1453,Smokey Point Blvd & 177th Pl NE,2.0,0.0
2023-10-26,227,South,21687,17114.0,,05:06:02,05:06:02,6,1449,Smokey Point Transit Center Bay 3,0.0,0.0
2023-10-26,227,South,21687,17114.0,,05:06:33,05:06:33,7,1594,172nd St NE & Smokey Point Blvd,0.0,0.0
2023-10-26,227,South,21687,17114.0,,05:19:15,05:19:15,8,2490,10th St & Ash Ave,0.0,0.0
2023-10-26,227,South,21687,17114.0,05:17:00,05:19:54,05:19:54,9,2517,Marysville Ash Ave Park & Ride Bay 1,0.0,0.0
2023-10-26,227,South,21687,17114.0,,05:21:51,05:21:51,10,2465,4th St & Beach Ave,0.0,0.0
2023-10-26,227,South,21687,17114.0,,05:22:34,05:22:34,11,1397,I-5 & Marine Dr NE Flyer Stop,0.0,0.0
2023-10-26,227,South,21687,17114.0,05:39:00,05:38:29,05:38:29,13,3199,Seaway Transit Center,0.0,4.0
2023-10-27,227,North,21684,17800.0,14:55:00,14:55:07,14:55:07,0,3184,Seaway Transit Center Bay 2,4.0,0.0
2023-10-27,227,North,21684,17800.0,15:23:00,15:28:47,15:29:04,2,905,I-5 & 4th St Flyer Stop,0.0,3.0
2023-10-27,227,North,21684,17800.0,,15:39:31,15:39:31,3,2460,Smokey Point Blvd & 174th Pl NE,0.0,0.0
2023-10-27,227,North,21684,17800.0,15:38:00,15:40:15,15:40:15,4,953,Smokey Point Blvd & 177th Pl NE,0.0,0.0
2023-10-27,227,North,21684,17800.0,,15:40:56,15:40:56,5,958,Smokey Point Blvd & 183rd Pl NE,0.0,0.0
2023-10-27,227,North,21684,17800.0,,15:41:22,15:41:22,6,2530,Smokey Point Blvd & 186th Pl NE,0.0,0.0
2023-10-27,227,North,21684,17800.0,15:49:00,15:51:14,15:51:24,7,1490,Arlington Park & Ride Bay 1,0.0,1.0
2023-10-27,227,North,21684,17800.0,15:50:00,15:53:05,15:53:05,8,1049,N West Ave & W 5th St,0.0,0.0
2023-10-27,227,North,21685,17124.0,15:55:00,15:55:15,15:55:15,0,3184,Seaway Transit Center Bay 2,2.0,0.0
2023-10-27,227,North,21685,17124.0,16:23:00,16:26:41,16:26:51,2,905,I-5 & 4th St Flyer Stop,0.0,1.0
2023-10-27,227,North,21685,17124.0,,16:37:01,16:37:01,3,2460,Smokey Point Blvd & 174th Pl NE,0.0,0.0
2023-10-27,227,North,21685,17124.0,16:38:00,16:37:26,16:37:26,4,953,Smokey Point Blvd & 177th Pl NE,0.0,0.0
2023-10-27,227,North,21685,17124.0,,16:38:05,16:38:05,5,958,Smokey Point Blvd & 183rd Pl NE,0.0,0.0
2023-10-27,227,North,21685,17124.0,,16:38:26,16:38:26,6,2530,Smokey Point Blvd & 186th Pl NE,0.0,0.0
2023-10-27,227,North,21685,17124.0,16:49:00,16:47:02,16:48:57,7,1490,Arlington Park & Ride Bay 1,0.0,1.0
2023-10-27,227,North,21685,17124.0,16:50:00,16:49:47,16:49:47,8,1049,N West Ave & W 5th St,0.0,0.0
2023-10-27,227,South,21686,11105.0,04:10:00,04:09:56,04:09:56,0,1490,Arlington Park & Ride Bay 1,1.0,0.0
2023-10-27,227,South,21686,11105.0,,04:10:34,04:10:34,1,1049,N West Ave & W 5th St,0.0,0.0
2023-10-27,227,South,21686,11105.0,,04:18:39,04:18:39,2,2482,Smokey Point Blvd & 186th Pl NE,0.0,0.0
2023-10-27,227,South,21686,11105.0,,04:19:01,04:19:01,3,1451,Smokey Point Blvd & 183rd Pl NE,0.0,0.0
2023-10-27,227,South,21686,11105.0,,04:19:13,04:19:13,4,2520,Smokey Point Blvd & 182nd St NE,0.0,0.0
2023-10-27,227,South,21686,11105.0,04:19:00,04:19:37,04:19:37,5,1453,Smokey Point Blvd & 177th Pl NE,0.0,0.0
2023-10-27,227,South,21686,11105.0,,04:20:00,04:20:23,6,1449,Smokey Point Transit Center Bay 3,2.0,0.0
2023-10-27,227,South,21686,11105.0,,04:20:58,04:21:08,7,1594,172nd St NE & Smokey Point Blvd,1.0,0.0
2023-10-27,227,South,21686,11105.0,,04:31:49,04:31:49,8,2490,10th St & Ash Ave,0.0,0.0
2023-10-27,227,South,21686,11105.0,04:32:00,04:32:22,04:32:53,9,2517,Marysville Ash Ave Park & Ride Bay 1,5.0,2.0
2023-10-27,227,South,21686,11105.0,,04:34:30,04:34:38,10,2465,4th St & Beach Ave,0.0,0.0
2023-10-27,227,South,21686,11105.0,,04:35:22,04:35:36,11,1397,I-5 & Marine Dr NE Flyer Stop,0.0,0.0
2023-10-27,227,South,21686,11105.0,04:55:00,04:50:24,04:50:24,13,3199,Seaway Transit Center,0.0,7.0
2023-10-27,227,South,21687,17101.0,04:55:00,04:55:22,04:55:22,0,1490,Arlington Park & Ride Bay 1,2.0,0.0
2023-10-27,227,South,21687,17101.0,,04:56:02,04:56:02,1,1049,N West Ave & W 5th St,0.0,0.0
2023-10-27,227,South,21687,17101.0,,05:03:59,05:03:59,2,2482,Smokey Point Blvd & 186th Pl NE,0.0,0.0
2023-10-27,227,South,21687,17101.0,,05:04:20,05:04:20,3,1451,Smokey Point Blvd & 183rd Pl NE,0.0,0.0
2023-10-27,227,South,21687,17101.0,,05:04:32,05:04:32,4,2520,Smokey Point Blvd & 182nd St NE,0.0,0.0
2023-10-27,227,South,21687,17101.0,05:04:00,05:04:58,05:04:58,5,1453,Smokey Point Blvd & 177th Pl NE,0.0,0.0
2023-10-27,227,South,21687,17101.0,,05:05:18,05:05:18,6,1449,Smokey Point Transit Center Bay 3,0.0,0.0
2023-10-27,227,South,21687,17101.0,,05:05:50,05:05:50,7,1594,172nd St NE & Smokey Point Blvd,0.0,0.0
2023-10-27,227,South,21687,17101.0,,05:17:11,05:17:11,8,2490,10th St & Ash Ave,0.0,0.0
2023-10-27,227,South,21687,17101.0,05:17:00,05:17:47,05:17:47,9,2517,Marysville Ash Ave Park & Ride Bay 1,0.0,0.0
2023-10-27,227,South,21687,17101.0,,05:19:33,05:19:33,10,2465,4th St & Beach Ave,0.0,0.0
2023-10-27,227,South,21687,17101.0,,05:20:37,05:20:37,11,1397,I-5 & Marine Dr NE Flyer Stop,0.0,0.0
2023-10-27,227,South,21687,17101.0,05:39:00,05:34:24,05:34:24,13,3199,Seaway Transit Center,0.0,2.0
2023-10-30,227,North,21684,19802.0,14:55:00,14:55:09,14:55:09,0,3184,Seaway Transit Center Bay 2,9.0,0.0
2023-10-30,227,North,21684,19802.0,15:23:00,15:21:29,15:21:49,2,905,I-5 & 4th St Flyer Stop,0.0,4.0
2023-10-30,227,North,21684,19802.0,,15:31:42,15:31:42,3,2460,Smokey Point Blvd & 174th Pl NE,0.0,0.0
2023-10-30,227,North,21684,19802.0,15:38:00,15:32:14,15:32:26,4,953,Smokey Point Blvd & 177th Pl NE,0.0,1.0
2023-10-30,227,North,21684,19802.0,,15:33:10,15:33:10,5,958,Smokey Point Blvd & 183rd Pl NE,0.0,0.0
2023-10-30,227,North,21684,19802.0,,15:33:31,15:33:31,6,2530,Smokey Point Blvd & 186th Pl NE,0.0,0.0
2023-10-30,227,North,21684,19802.0,15:49:00,15:42:28,15:43:48,7,1490,Arlington Park & Ride Bay 1,0.0,4.0
2023-10-30,227,North,21684,19802.0,15:50:00,15:45:47,15:45:47,8,1049,N West Ave & W 5th St,0.0,0.0
2023-10-30,227,North,21685,19110.0,15:55:00,15:55:05,15:55:05,0,3184,Seaway Transit Center Bay 2,2.0,0.0
2023-10-30,227,North,21685,19110.0,16:23:00,16:19:53,16:20:02,2,905,I-5 & 4th St Flyer Stop,0.0,1.0
2023-10-30,227,North,21685,19110.0,,16:29:56,16:30:10,3,2460,Smokey Point Blvd & 174th Pl NE,0.0,1.0
2023-10-30,227,North,21685,19110.0,16:38:00,16:30:45,16:30:45,4,953,Smokey Point Blvd & 177th Pl NE,0.0,0.0
2023-10-30,227,North,21685,19110.0,,16:31:18,16:31:18,5,958,Smokey Point Blvd & 183rd Pl NE,0.0,0.0
2023-10-30,227,North,21685,19110.0,,16:31:36,16:31:36,6,2530,Smokey Point Blvd & 186th Pl NE,0.0,0.0
2023-10-30,227,North,21685,19110.0,16:49:00,16:39:09,16:39:13,7,1490,Arlington Park & Ride Bay 1,0.0,0.0
2023-10-30,227,North,21685,19110.0,16:50:00,16:40:14,16:40:14,8,1049,N West Ave & W 5th St,0.0,0.0
2023-10-30,227,South,21686,15109.0,04:10:00,04:10:04,04:10:04,0,1490,Arlington Park & Ride Bay 1,0.0,0.0
2023-10-30,227,South,21686,15109.0,,04:10:38,04:10:38,1,1049,N West Ave & W 5th St,0.0,0.0
2023-10-30,227,South,21686,15109.0,,04:18:08,04:18:08,2,2482,Smokey Point Blvd & 186th Pl NE,0.0,0.0
2023-10-30,227,South,21686,15109.0,,04:18:35,04:18:35,3,1451,Smokey Point Blvd & 183rd Pl NE,0.0,0.0
2023-10-30,227,South,21686,15109.0,,04:18:48,04:18:48,4,2520,Smokey Point Blvd & 182nd St NE,0.0,0.0
2023-10-30,227,South,21686,15109.0,04:19:00,04:19:32,04:19:32,5,1453,Smokey Point Blvd & 177th Pl NE,0.0,0.0
2023-10-30,227,South,21686,15109.0,,04:19:57,04:20:17,6,1449,Smokey Point Transit Center Bay 3,1.0,0.0
2023-10-30,227,South,21686,15109.0,,04:21:07,04:21:21,7,1594,172nd St NE & Smokey Point Blvd,1.0,0.0
2023-10-30,227,South,21686,15109.0,,04:31:38,04:31:38,8,2490,10th St & Ash Ave,0.0,0.0
2023-10-30,227,South,21686,15109.0,04:32:00,04:32:14,04:32:47,9,2517,Marysville Ash Ave Park & Ride Bay 1,4.0,0.0
2023-10-30,227,South,21686,15109.0,,04:34:11,04:34:11,10,2465,4th St & Beach Ave,0.0,0.0
2023-10-30,227,South,21686,15109.0,,04:34:50,04:34:59,11,1397,I-5 & Marine Dr NE Flyer Stop,0.0,0.0
2023-10-30,227,South,21686,15109.0,04:55:00,04:51:20,04:51:20,13,3199,Seaway Transit Center,0.0,6.0
2023-10-30,227,South,21687,17101.0,04:55:00,04:55:10,04:55:10,0,1490,Arlington Park & Ride Bay 1,4.0,0.0
2023-10-30,227,South,21687,17101.0,,04:55:52,04:55:52,1,1049,N West Ave & W 5th St,0.0,0.0
2023-10-30,227,South,21687,17101.0,,05:04:06,05:04:06,2,2482,Smokey Point Blvd & 186th Pl NE,0.0,0.0
2023-10-30,227,South,21687,17101.0,,05:04:28,05:04:28,3,1451,Smokey Point Blvd & 183rd Pl NE,0.0,0.0
2023-10-30,227,South,21687,17101.0,,05:04:41,05:04:41,4,2520,Smokey Point Blvd & 182nd St NE,0.0,0.0
2023-10-30,227,South,21687,17101.0,05:04:00,05:05:16,05:05:36,5,1453,Smokey Point Blvd & 177th Pl NE,1.0,0.0
2023-10-30,227,South,21687,17101.0,,05:06:03,05:06:03,6,1449,Smokey Point Transit Center Bay 3,0.0,0.0
2023-10-30,227,South,21687,17101.0,,05:06:33,05:06:33,7,1594,172nd St NE & Smokey Point Blvd,0.0,0.0
2023-10-30,227,South,21687,17101.0,,05:17:35,05:17:35,8,2490,10th St & Ash Ave,0.0,0.0
2023-10-30,227,South,21687,17101.0,05:17:00,05:18:10,05:18:32,9,2517,Marysville Ash Ave Park & Ride Bay 1,0.0,1.0
2023-10-30,227,South,21687,17101.0,,05:19:51,05:19:51,10,2465,4th St & Beach Ave,0.0,0.0
2023-10-30,227,South,21687,17101.0,,05:20:45,05:20:45,11,1397,I-5 & Marine Dr NE Flyer Stop,0.0,0.0
2023-10-30,227,South,21687,17101.0,05:39:00,05:36:06,05:36:06,13,3199,Seaway Transit Center,0.0,4.0
2023-10-31,227,North,21684,16808.0,14:55:00,14:55:08,14:55:08,0,3184,Seaway Transit Center Bay 2,7.0,0.0
2023-10-31,227,North,21684,16808.0,15:23:00,15:26:31,15:26:51,2,905,I-5 & 4th St Flyer Stop,0.0,5.0
2023-10-31,227,North,21684,16808.0,,15:37:23,15:37:23,3,2460,Smokey Point Blvd & 174th Pl NE,0.0,0.0
2023-10-31,227,North,21684,16808.0,15:38:00,15:37:48,15:38:03,4,953,Smokey Point Blvd & 177th Pl NE,0.0,1.0
2023-10-31,227,North,21684,16808.0,,15:38:43,15:38:43,5,958,Smokey Point Blvd & 183rd Pl NE,0.0,0.0
2023-10-31,227,North,21684,16808.0,,15:39:02,15:39:02,6,2530,Smokey Point Blvd & 186th Pl NE,0.0,0.0
2023-10-31,227,North,21684,16808.0,15:49:00,15:51:25,15:55:29,7,1490,Arlington Park & Ride Bay 1,1.0,2.0
2023-10-31,227,North,21684,16808.0,15:50:00,15:56:23,15:56:23,8,1049,N West Ave & W 5th St,0.0,0.0
2023-10-31,227,North,21685,15106.0,15:55:00,15:55:09,15:55:09,0,3184,Seaway Transit Center Bay 2,3.0,0.0
2023-10-31,227,North,21685,15106.0,16:23:00,16:25:58,16:25:58,2,905,I-5 & 4th St Flyer Stop,0.0,0.0
2023-10-31,227,North,21685,15106.0,,16:34:11,16:34:27,3,2460,Smokey Point Blvd & 174th Pl NE,0.0,1.0
2023-10-31,227,North,21685,15106.0,16:38:00,16:35:02,16:35:02,4,953,Smokey Point Blvd & 177th Pl NE,0.0,0.0
2023-10-31,227,North,21685,15106.0,,16:35:45,16:35:45,5,958,Smokey Point Blvd & 183rd Pl NE,0.0,0.0
2023-10-31,227,North,21685,15106.0,,16:36:06,16:36:06,6,2530,Smokey Point Blvd & 186th Pl NE,0.0,0.0
2023-10-31,227,North,21685,15106.0,16:49:00,16:45:41,16:45:41,7,1490,Arlington Park & Ride Bay 1,0.0,0.0
2023-10-31,227,North,21685,15106.0,16:50:00,16:46:15,16:46:15,8,1049,N West Ave & W 5th St,0.0,2.0
2023-10-31,227,South,21686,15113.0,04:10:00,04:10:08,04:10:08,0,1490,Arlington Park & Ride Bay 1,0.0,0.0
2023-10-31,227,South,21686,15113.0,,04:10:44,04:10:44,1,1049,N West Ave & W 5th St,0.0,0.0
2023-10-31,227,South,21686,15113.0,,04:18:54,04:18:54,2,2482,Smokey Point Blvd & 186th Pl NE,0.0,0.0
2023-10-31,227,South,21686,15113.0,,04:19:19,04:19:19,3,1451,Smokey Point Blvd & 183rd Pl NE,0.0,0.0
2023-10-31,227,South,21686,15113.0,,04:19:34,04:19:34,4,2520,Smokey Point Blvd & 182nd St NE,0.0,0.0
2023-10-31,227,South,21686,15113.0,04:19:00,04:20:05,04:20:05,5,1453,Smokey Point Blvd & 177th Pl NE,0.0,0.0
2023-10-31,227,South,21686,15113.0,,04:20:30,04:20:52,6,1449,Smokey Point Transit Center Bay 3,3.0,0.0
2023-10-31,227,South,21686,15113.0,,04:21:26,04:21:26,7,1594,172nd St NE & Smokey Point Blvd,0.0,0.0
2023-10-31,227,South,21686,15113.0,,04:32:13,04:32:13,8,2490,10th St & Ash Ave,0.0,0.0
2023-10-31,227,South,21686,15113.0,04:32:00,04:32:45,04:33:15,9,2517,Marysville Ash Ave Park & Ride Bay 1,5.0,0.0
2023-10-31,227,South,21686,15113.0,,04:34:39,04:34:53,10,2465,4th St & Beach Ave,0.0,1.0
2023-10-31,227,South,21686,15113.0,,04:35:27,04:35:27,11,1397,I-5 & Marine Dr NE Flyer Stop,0.0,0.0
2023-10-31,227,South,21686,15113.0,04:55:00,04:51:40,04:51:40,13,3199,Seaway Transit Center,0.0,7.0
2023-10-31,227,South,21687,11105.0,04:55:00,04:54:47,04:54:47,0,1490,Arlington Park & Ride Bay 1,1.0,0.0
2023-10-31,227,South,21687,11105.0,,04:55:30,04:55:30,1,1049,N West Ave & W 5th St,0.0,0.0
2023-10-31,227,South,21687,11105.0,,05:03:52,05:03:52,2,2482,Smokey Point Blvd & 186th Pl NE,0.0,0.0
2023-10-31,227,South,21687,11105.0,,05:04:20,05:04:20,3,1451,Smokey Point Blvd & 183rd Pl NE,0.0,0.0
2023-10-31,227,South,21687,11105.0,,05:04:35,05:04:35,4,2520,Smokey Point Blvd & 182nd St NE,0.0,0.0
2023-10-31,227,South,21687,11105.0,05:04:00,05:05:10,05:05:27,5,1453,Smokey Point Blvd & 177th Pl NE,1.0,0.0
2023-10-31,227,South,21687,11105.0,,05:05:53,05:05:53,6,1449,Smokey Point Transit Center Bay 3,0.0,0.0
2023-10-31,227,South,21687,11105.0,,05:06:55,05:06:55,7,1594,172nd St NE & Smokey Point Blvd,0.0,0.0
2023-10-31,227,South,21687,11105.0,,05:18:27,05:18:27,8,2490,10th St & Ash Ave,0.0,0.0
2023-10-31,227,South,21687,11105.0,05:17:00,05:19:07,05:19:07,9,2517,Marysville Ash Ave Park & Ride Bay 1,0.0,0.0
2023-10-31,227,South,21687,11105.0,,05:21:09,05:21:09,10,2465,4th St & Beach Ave,0.0,0.0
2023-10-31,227,South,21687,11105.0,,05:22:01,05:22:01,11,1397,I-5 & Marine Dr NE Flyer Stop,0.0,0.0
2023-10-31,227,South,21687,11105.0,05:39:00,05:36:33,05:36:33,13,3199,Seaway Transit Center,0.0,2.0
